endpoint,raw,cfra,cfra_minus_raw,ci_low,ci_high,n_compounds,bootstrap_unit,bootstrap_rounds,status
A_module_fisher_z_AGP,0.6241539637112321,0.7610702108614564,0.13691624715022432,0.12232145730932228,0.1514522850233561,291,compound,10000,HISTORICAL_LOCKED_RECOMPUTE
A_module_fisher_z_Cross-channel,0.6336662422702725,0.7836014349751912,0.1499351927049187,0.13494733850150561,0.16467836895261684,291,compound,10000,HISTORICAL_LOCKED_RECOMPUTE
A_module_fisher_z_DNA,0.598041615746644,0.7005676952682718,0.1025260795216277,0.08806225957557665,0.1168145476930107,291,compound,10000,HISTORICAL_LOCKED_RECOMPUTE
A_module_fisher_z_ER,0.6454934010072768,0.7859849349565374,0.14049153394926056,0.12644805771173495,0.15435007785755844,291,compound,10000,HISTORICAL_LOCKED_RECOMPUTE
A_module_fisher_z_Mito,0.5378091903528542,0.6393925397479158,0.10158334939506146,0.08383801681494883,0.11982399331126375,291,compound,10000,HISTORICAL_LOCKED_RECOMPUTE
A_module_fisher_z_RNA,0.73425764812264,0.8933795806929696,0.1591219325703298,0.14111930836511746,0.17733983947346055,291,compound,10000,HISTORICAL_LOCKED_RECOMPUTE
A_module_fisher_z_Shape,0.3755859043032766,0.5731709018035639,0.19758499750028738,0.18396749811014465,0.21170130009150934,291,compound,10000,HISTORICAL_LOCKED_RECOMPUTE
B_top25_direction,0.790163802978236,0.8631855670103094,0.0730217640320733,0.06786712485681559,0.07836197021764033,291,compound,10000,HISTORICAL_LOCKED_RECOMPUTE
B_top25_overlap,0.26120962199312714,0.3196242840778924,0.05841466208476517,0.05333333333333334,0.06351901489117985,291,compound,10000,HISTORICAL_LOCKED_RECOMPUTE
C_macro_trajectory_spearman,0.3267336346303227,0.3716942659416708,0.044960631311348066,0.03558340247863851,0.05419477349763435,289,compound,10000,HISTORICAL_LOCKED_RECOMPUTE
D_full_profile_fisher_z,0.5527501569443607,0.7147353170928045,0.16198516014844377,0.15245878995783735,0.1717578986028172,291,compound,10000,HISTORICAL_LOCKED_RECOMPUTE
D_norm_ratio,1.4776947143143055,0.6966876449581888,-0.7810070693561165,-0.8067496147931672,-0.7540588612973856,291,compound,10000,HISTORICAL_LOCKED_RECOMPUTE
