dataset,surface,historical_status,n_drugs_per_target_line,metric,raw_mean,reca_mean,reca_res_mean,reca_minus_raw,reca_minus_raw_ci_low,reca_minus_raw_ci_high,reca_res_minus_raw,reca_res_minus_raw_ci_low,reca_res_minus_raw_ci_high,bootstrap_draws,ci_unit,ci_status,preferred_direction,metric_status
sci-Plex3,own_cell_unseen,unseen_compounds_historical_confirmation,36,full_target_pcc,0.5815682234496001,0.46906100132939593,0.5837937079284435,-0.11250722212020431,-0.11553349093219704,-0.10949131473910295,0.002225484478843475,0.0013354886295517002,0.003045483131216575,10000,drug_within_target_line,pointwise_95_percent,higher,original_frozen_endpoint
sci-Plex3,own_cell_unseen,unseen_compounds_historical_confirmation,36,delta_pcc,0.6277603789449362,0.44104155706528975,0.6311757821016918,-0.1867188218796465,-0.19016020687596394,-0.18331119331717952,0.0034154031567555296,0.002610732338455725,0.0042204126640813504,10000,drug_within_target_line,pointwise_95_percent,higher,original_frozen_endpoint
sci-Plex3,own_cell_unseen,unseen_compounds_historical_confirmation,36,E,0.36026499101538256,0.2507004259881309,0.35899885729166225,-0.10956456502725165,-0.11189333434634974,-0.10723771834210696,-0.0012661337237203358,-0.0018753523602145815,-0.0006335787589028453,10000,drug_within_target_line,pointwise_95_percent,higher,original_frozen_endpoint
sci-Plex3,cross_cell_unseen,unseen_compounds_historical_confirmation,36,full_target_pcc,0.8394004857597874,0.8456417575862866,0.836023254656651,0.006241271826499149,0.006118632685704127,0.006361104649380175,-0.00337723110313645,-0.003482073901053988,-0.0032725129242527225,10000,drug_within_target_line,pointwise_95_percent,higher,original_frozen_endpoint
sci-Plex3,cross_cell_unseen,unseen_compounds_historical_confirmation,36,delta_pcc,0.006837097160457106,0.009605617229243857,0.003550360497733536,0.002768520068786752,0.0010280209008314482,0.004477916888436256,-0.0032867366627235693,-0.00433143074541003,-0.0022490673661101743,10000,drug_within_target_line,pointwise_95_percent,higher,original_frozen_endpoint
sci-Plex3,cross_cell_unseen,unseen_compounds_historical_confirmation,36,E,0.0026977898351723084,0.0007277018910435059,0.002244384824855512,-0.001970087944128802,-0.003206104722724598,-0.0007310495147664544,-0.00045340501031679634,-0.0011834512558107405,0.0002747607957421588,10000,drug_within_target_line,pointwise_95_percent,higher,original_frozen_endpoint
sci-Plex3,cross_cell_seen,seen_drugs_historical_locked_reuse,183,full_target_pcc,0.8337682284190407,0.840856257366875,0.8309945313929178,0.007088028947834128,0.006986209347647505,0.007187592587497207,-0.002773697026123005,-0.0028562852464948545,-0.0026900674941686643,10000,drug_within_target_line,pointwise_95_percent,higher,original_frozen_endpoint
sci-Plex3,cross_cell_seen,seen_drugs_historical_locked_reuse,183,delta_pcc,0.008900445359009513,0.010980831670778471,0.005561659120269705,0.0020803863117689588,0.0011847277470613813,0.002991447604015906,-0.0033387862387398077,-0.0038407139460331402,-0.0028406153582287656,10000,drug_within_target_line,pointwise_95_percent,higher,original_frozen_endpoint
sci-Plex3,cross_cell_seen,seen_drugs_historical_locked_reuse,183,E,0.00494273799294621,0.0023347301425009613,0.004236436923271327,-0.0026080078504452492,-0.003273092183511685,-0.0019303962311630262,-0.0007063010696748825,-0.0010599327335874,-0.0003591376157337643,10000,drug_within_target_line,pointwise_95_percent,higher,original_frozen_endpoint
