seed,comparison,endpoint,analysis,group,seed3407,seed42,seed2025,n_compounds,n_common_before_finite_filter,n_excluded_unscorable,point,ci_low,ci_high,rounds,bootstrap_unit,bootstrap_seed,module_weighting
mean,teacher_minus_raw,excess_fisher_z,module,DNA,0.08236187622368757,0.09444895966633479,0.08107942845670124,110,262,152,0.08596342144890791,0.04793976127862306,0.12244486709070021,10000,compound,4239184509,
mean,teacher_minus_raw,same_pcc,module,DNA,0.06266717502305229,0.07011579910769226,0.06460403412769312,262,262,0,0.06579566941947922,0.050651766964999595,0.08061529461542268,10000,compound,3883190634,
mean,teacher_minus_raw,relative_rmse,module,DNA,-0.5417230616325626,-0.5476294810273517,-0.5405651804480571,262,262,0,-0.5433059077026573,-0.5791220636470366,-0.5069558387246779,10000,compound,299460667,
mean,posterior_ge_minus_teacher,excess_fisher_z,module,DNA,0.011817815957724966,0.012476911669640246,0.013001559057381628,110,262,152,0.01243209556158228,0.006293391720916953,0.018522894874113807,10000,compound,181967863,
mean,posterior_ge_minus_teacher,same_pcc,module,DNA,0.00888772462652971,0.011192260302471741,0.008963873368516681,262,262,0,0.00968128609917271,0.006945121613205726,0.01248045632695154,10000,compound,2378888541,
mean,posterior_ge_minus_teacher,relative_rmse,module,DNA,-0.01640852073928668,-0.014234059095077549,-0.014419955450107264,262,262,0,-0.01502084509482383,-0.01726757911082662,-0.012713521861049216,10000,compound,1924948480,
mean,teacher_minus_raw,excess_fisher_z,module,RNA,0.12377198754482455,0.13212764076578842,0.12075999856874862,110,262,152,0.12555320895978722,0.08461061315803668,0.16752914161599403,10000,compound,3483551926,
mean,teacher_minus_raw,same_pcc,module,RNA,0.07892935919028665,0.07790745665751296,0.07385106373257756,262,262,0,0.0768959598601257,0.06272157743711701,0.09148478537213817,10000,compound,781605823,
mean,teacher_minus_raw,relative_rmse,module,RNA,-0.4276475682265732,-0.43573296176106774,-0.4277333043928021,262,262,0,-0.4303712781268143,-0.4678536417651955,-0.39410725038189165,10000,compound,2892235917,
mean,posterior_ge_minus_teacher,excess_fisher_z,module,RNA,0.011138857955071402,0.011791398664758463,0.014371049083174315,110,262,152,0.012433768567668063,0.0066801923664827866,0.01809836049461821,10000,compound,107961822,
mean,posterior_ge_minus_teacher,same_pcc,module,RNA,0.005693609064883181,0.007974853770501607,0.009697849222100239,262,262,0,0.007788770685828343,0.005434127793781445,0.010185477825096633,10000,compound,1444806916,
mean,posterior_ge_minus_teacher,relative_rmse,module,RNA,-0.01576169108632238,-0.013524265322538385,-0.01456913844763605,262,262,0,-0.014618364952165607,-0.017375668763343077,-0.011899167368510528,10000,compound,1101996252,
mean,teacher_minus_raw,excess_fisher_z,module,ER,0.14474438083421615,0.1580295848496696,0.14366092819772627,110,262,152,0.14881163129387062,0.11367351515729411,0.18339634073406827,10000,compound,1821139810,
mean,teacher_minus_raw,same_pcc,module,ER,0.08920511278267304,0.09012916655594926,0.08425707571540539,262,262,0,0.08786378501800925,0.07299691504121907,0.1028362144494657,10000,compound,3377461656,
mean,teacher_minus_raw,relative_rmse,module,ER,-0.502614103226713,-0.509156069457229,-0.5015139795237915,262,262,0,-0.5044280507359111,-0.5428088458603929,-0.4680002340005843,10000,compound,3718258956,
mean,posterior_ge_minus_teacher,excess_fisher_z,module,ER,0.00745015495355571,0.00480611172367362,0.006386104951314909,110,262,152,0.006214123876181413,0.001130500386521609,0.010994955327848692,10000,compound,2435876999,
mean,posterior_ge_minus_teacher,same_pcc,module,ER,0.006265475675132258,0.005299371488712959,0.0065102143182858415,262,262,0,0.006025020494043687,0.003727206517111978,0.008272318637469347,10000,compound,1294825129,
mean,posterior_ge_minus_teacher,relative_rmse,module,ER,-0.014272427087178609,-0.011996995230233154,-0.01199096172826454,262,262,0,-0.012753461348558768,-0.015583183347345871,-0.009979720488414232,10000,compound,2665055616,
mean,teacher_minus_raw,excess_fisher_z,module,Mito,0.07789286695711141,0.07302560312401925,0.09508973930501162,110,262,152,0.08200273646204742,0.04466819013143832,0.11979046071447477,10000,compound,536154679,
mean,teacher_minus_raw,same_pcc,module,Mito,0.05561382817877748,0.05340080873806365,0.062032113897199974,262,262,0,0.05701558360468037,0.04060496868746376,0.07318649593946058,10000,compound,3610866901,
mean,teacher_minus_raw,relative_rmse,module,Mito,-0.6061901903903743,-0.6116186525883586,-0.6120595826128945,262,262,0,-0.6099561418638758,-0.6718012732104076,-0.5525299832185173,10000,compound,3694819263,
mean,posterior_ge_minus_teacher,excess_fisher_z,module,Mito,0.013491471572546362,0.016632008050531003,0.015705340347664853,110,262,152,0.015276273323580742,0.00865127608853538,0.02200919383513308,10000,compound,4072697098,
mean,posterior_ge_minus_teacher,same_pcc,module,Mito,0.009859168633819788,0.01017769211708406,0.010717076293972774,262,262,0,0.010251312348292208,0.006939185521427384,0.01353270095972273,10000,compound,713324719,
mean,posterior_ge_minus_teacher,relative_rmse,module,Mito,-0.01650792200216662,-0.011996847561954033,-0.013352180561526577,262,262,0,-0.013952316708549076,-0.016563880305403587,-0.011415528307821615,10000,compound,1264382572,
mean,teacher_minus_raw,excess_fisher_z,module,AGP,0.14865653752924635,0.14874377406379133,0.1481641262200587,110,262,152,0.14852147927103213,0.1161520315841357,0.1806791983309689,10000,compound,245318839,
mean,teacher_minus_raw,same_pcc,module,AGP,0.09372889884547556,0.09210420915046558,0.09468007456999965,262,262,0,0.09350439418864694,0.0797561738853435,0.10705276310696452,10000,compound,2213100486,
mean,teacher_minus_raw,relative_rmse,module,AGP,-0.48983445027022365,-0.49123701469904313,-0.48887625860930634,262,262,0,-0.4899825745261911,-0.5254845830914036,-0.4553335688633464,10000,compound,1353563965,
mean,posterior_ge_minus_teacher,excess_fisher_z,module,AGP,0.002563858740613094,0.0014909995500725682,0.0009299344404214106,110,262,152,0.00166159757703569,-0.004350822797078312,0.0074725110717571465,10000,compound,2689432140,
mean,posterior_ge_minus_teacher,same_pcc,module,AGP,0.0043595804916665365,0.0031832837155406153,0.0031636088861191273,262,262,0,0.0035688243644420928,0.0010473636833708592,0.00608337265708866,10000,compound,340758074,
mean,posterior_ge_minus_teacher,relative_rmse,module,AGP,-0.013699178502002944,-0.012038009038058786,-0.010794470116269562,262,262,0,-0.012177219218777098,-0.014910059701704153,-0.009468044538511312,10000,compound,1156802457,
mean,teacher_minus_raw,excess_fisher_z,module,Shape,0.22847085066581263,0.23446424139900673,0.22478828468050732,110,262,152,0.22924112558177553,0.19902403606632682,0.2590780936468394,10000,compound,965751754,
mean,teacher_minus_raw,same_pcc,module,Shape,0.13852728500273515,0.14293572974417487,0.1386691257341333,262,262,0,0.14004404682701443,0.12675644036831982,0.15370955965058336,10000,compound,3085542890,
mean,teacher_minus_raw,relative_rmse,module,Shape,-0.7490093135854063,-0.7543140531034452,-0.7519301642476447,262,262,0,-0.7517511769788321,-0.784585663470003,-0.7168726067401493,10000,compound,2033109421,
mean,posterior_ge_minus_teacher,excess_fisher_z,module,Shape,0.0089820211308877,0.012171897325310514,0.011046392793589885,110,262,152,0.0107334370832627,0.0060961519795468475,0.015209690513021075,10000,compound,1533431080,
mean,posterior_ge_minus_teacher,same_pcc,module,Shape,0.008644097077153816,0.011623509780022356,0.010340700986627087,262,262,0,0.010202769281267753,0.007873287086240022,0.012558409640859499,10000,compound,2012193457,
mean,posterior_ge_minus_teacher,relative_rmse,module,Shape,-0.012133448870240518,-0.011340348382255663,-0.011206450202087695,262,262,0,-0.011560082484861291,-0.013396311286981506,-0.009881401698522583,10000,compound,928743200,
mean,teacher_minus_raw,excess_fisher_z,module,Cross-channel,0.13120600422613196,0.13655708079350248,0.14060683456300593,110,262,152,0.1361233065275468,0.10651486329334123,0.16626182884438848,10000,compound,2438344768,
mean,teacher_minus_raw,same_pcc,module,Cross-channel,0.0796858594435736,0.0784992557423968,0.08268436127528435,262,262,0,0.08028982548708492,0.06736725043598496,0.09334278159647252,10000,compound,2448150652,
mean,teacher_minus_raw,relative_rmse,module,Cross-channel,-0.48443261539519095,-0.48632759945318743,-0.48525283522635543,262,262,0,-0.4853376833582447,-0.5190889164908165,-0.45172185801174075,10000,compound,1585312064,
mean,posterior_ge_minus_teacher,excess_fisher_z,module,Cross-channel,0.009288672004062436,0.010374084378543976,0.011370205410861069,110,262,152,0.010344320597822492,0.006162878933302293,0.014545787291786372,10000,compound,2322129774,
mean,posterior_ge_minus_teacher,same_pcc,module,Cross-channel,0.006313041306943857,0.007083499455008728,0.006686043729447868,262,262,0,0.006694194830466817,0.004859591740865535,0.008569739591122366,10000,compound,1426286116,
mean,posterior_ge_minus_teacher,relative_rmse,module,Cross-channel,-0.013180983258470589,-0.011605613698656703,-0.01191906446723754,262,262,0,-0.012235220474788278,-0.01409929266713592,-0.010389397957503241,10000,compound,2482254569,
mean,teacher_minus_raw,excess_fisher_z,object_sensitivity,Cells,0.1693174921852089,0.17282843173391627,0.16483752225595164,110,262,152,0.16899448205835896,0.1429172087832496,0.19519287586851333,10000,compound,3285139187,
mean,teacher_minus_raw,same_pcc,object_sensitivity,Cells,0.11533246192028548,0.11506383737762962,0.11495112450690306,262,262,0,0.1151158079349394,0.1035902260731021,0.12660553812302164,10000,compound,3461300884,
mean,teacher_minus_raw,relative_rmse,object_sensitivity,Cells,-0.5611193922999216,-0.5634690356833225,-0.5602553424186912,262,262,0,-0.5616145901339783,-0.5934078185613691,-0.5303592131419057,10000,compound,2886299186,
mean,posterior_ge_minus_teacher,excess_fisher_z,object_sensitivity,Cells,0.00794734872039288,0.009372440638431331,0.009429737099575916,110,262,152,0.008916508819466706,0.005708687233290661,0.012118951464053377,10000,compound,116056443,
mean,posterior_ge_minus_teacher,same_pcc,object_sensitivity,Cells,0.006074423176341645,0.006926310286921415,0.006710114571968856,262,262,0,0.006570282678410638,0.004986617696205236,0.008225205417421241,10000,compound,2777588443,
mean,posterior_ge_minus_teacher,relative_rmse,object_sensitivity,Cells,-0.011097413314728551,-0.00997453409534251,-0.010217246502141165,262,262,0,-0.010429731304070744,-0.012250380334349529,-0.00876777302671853,10000,compound,1464137451,
mean,teacher_minus_raw,excess_fisher_z,object_sensitivity,Cytoplasm,0.1304247065083645,0.13840843189404625,0.13675756029093752,110,262,152,0.1351968995644494,0.10945139600886607,0.16102522457230486,10000,compound,953424242,
mean,teacher_minus_raw,same_pcc,object_sensitivity,Cytoplasm,0.09055414358052233,0.09082407448147052,0.09240612450395108,262,262,0,0.09126144752198131,0.07980621484468704,0.10260862533828442,10000,compound,2130742696,
mean,teacher_minus_raw,relative_rmse,object_sensitivity,Cytoplasm,-0.5397960045911535,-0.5413539775456102,-0.5405151595902296,262,262,0,-0.540555047242331,-0.5742790617711034,-0.5070025029171555,10000,compound,3924751996,
mean,posterior_ge_minus_teacher,excess_fisher_z,object_sensitivity,Cytoplasm,0.009973348366191003,0.00985635589484288,0.011321823369640507,110,262,152,0.01038384254355813,0.006447968709338549,0.014423330036186711,10000,compound,457704812,
mean,posterior_ge_minus_teacher,same_pcc,object_sensitivity,Cytoplasm,0.008019544578117405,0.008812358019449875,0.008830503126374657,262,262,0,0.00855413524131398,0.006639389523871549,0.01052615974273145,10000,compound,1226091690,
mean,posterior_ge_minus_teacher,relative_rmse,object_sensitivity,Cytoplasm,-0.01260486278103717,-0.011516885786624829,-0.011320262240650117,262,262,0,-0.011814003602770705,-0.013697669782608576,-0.010012240881909155,10000,compound,4152590140,
mean,teacher_minus_raw,excess_fisher_z,object_sensitivity,Nuclei,0.17511445074688908,0.1797870293812541,0.17086624392466868,110,262,152,0.17525590801760396,0.15149296648344845,0.19851931796211306,10000,compound,3605337192,
mean,teacher_minus_raw,same_pcc,object_sensitivity,Nuclei,0.10785263559890555,0.11201142614858114,0.10703525278527308,262,262,0,0.10896643817758658,0.0982404922893267,0.12002096361968799,10000,compound,1950581575,
mean,teacher_minus_raw,relative_rmse,object_sensitivity,Nuclei,-0.514816948848746,-0.521751161609071,-0.517037528033037,262,262,0,-0.517868546163618,-0.5495501496559158,-0.4870843132176055,10000,compound,2721358380,
mean,posterior_ge_minus_teacher,excess_fisher_z,object_sensitivity,Nuclei,0.005876843925192204,0.008166540177270958,0.007738901934550247,110,262,152,0.007260762012337803,0.0035081032892681423,0.010929622921480666,10000,compound,3044707205,
mean,posterior_ge_minus_teacher,same_pcc,object_sensitivity,Nuclei,0.006257199011576002,0.007653803057919848,0.007273631611853206,262,262,0,0.007061544560449684,0.0053398541564590955,0.00876221179765393,10000,compound,3423122573,
mean,posterior_ge_minus_teacher,relative_rmse,object_sensitivity,Nuclei,-0.01338720854205398,-0.012038327785757665,-0.012167142258119405,262,262,0,-0.012530892861977016,-0.01440923939886321,-0.010679966987499734,10000,compound,288432474,
mean,teacher_minus_raw,excess_fisher_z,macro_module,Macro,0.1338720719972901,0.13962812638030178,0.1363070485702514,110,262,152,0.13660241564928108,0.112623246540088,0.16041375914161363,10000,compound,2570904477,unweighted
mean,teacher_minus_raw,same_pcc,macro_module,Macro,0.08547964549522483,0.08644177509946506,0.08582540700747048,262,262,0,0.08591560920072012,0.07577915394259364,0.09637922334685008,10000,compound,3766593380,unweighted
mean,teacher_minus_raw,relative_rmse,macro_module,Macro,-0.5430644718181491,-0.5480022617270977,-0.5439901864372645,262,262,0,-0.5450189733275038,-0.5759152713270415,-0.5146620115546119,10000,compound,3242253227,unweighted
mean,posterior_ge_minus_teacher,excess_fisher_z,macro_module,Macro,0.009247550330637374,0.009963344480361486,0.010401512297772588,110,262,152,0.00987080236959048,0.0064805188925573624,0.013195654946833989,10000,compound,2107759768,unweighted
mean,posterior_ge_minus_teacher,same_pcc,macro_module,Macro,0.007146099553732735,0.008076352947048865,0.008011338115009944,262,262,0,0.007744596871930515,0.006236783852051818,0.009297155535954975,10000,compound,4093277364,unweighted
mean,posterior_ge_minus_teacher,relative_rmse,macro_module,Macro,-0.014566310220809762,-0.012390876904110613,-0.012607460139018456,262,262,0,-0.013188215754646277,-0.015024160345558955,-0.011434436050407702,10000,compound,2990449459,unweighted
