path,bytes,sha256
.gitattributes,79,a7ea133c1551491865f9076bf31ae9b5080179fbd8e6ec5da1ca8f54f82029b3
.gitignore,125,7525a24b5e33d85299b98ee722ae8d9eac1bf159025884eaea196534196bbd0b
analysis/baselines/ablation_common.py,23139,975839137f646c61bdd6fda12f142966506079b90e676ce727c1aeecdc04faeb
analysis/baselines/run_ablation.py,59310,b4cdaf713fc76f999141f02b31bc2429e624695c7bef2ec5f5350e11149d2835
analysis/benchmarks/bbbc047/architecture_sensitivity/architecture_common.py,8563,cdb31bdf964fd47d47272311bed81f83432008a1ed47235f35b9d310f446c7c8
analysis/benchmarks/bbbc047/architecture_sensitivity/run_architecture_test_once.py,12422,7a57846654ee1420e279a21af6efb21d5ceefefb52a9294b2846c8626c5c1c05
analysis/benchmarks/bbbc047/architecture_sensitivity/run_architecture_validation.py,15936,dc81c0e38345b08b4fb94f02600625846d366f05f676df8f5b68d7c8dd121d74
analysis/benchmarks/bbbc047/cpdistiller_retrieval/audit_cpdistiller_discrepancy.py,29495,2e63f2e55ed9c4d9dfa04f309380c04eaea5998ce174609fc4106783f565b49e
analysis/benchmarks/bbbc047/cpdistiller_retrieval/audit_cpdistiller_inputs.py,6871,e0d7d829c184b2065b8267f7166c855d6763e28ef1af3a7ec610f78975251cb2
analysis/benchmarks/bbbc047/cpdistiller_retrieval/audit_cpdistiller_train_graph.py,7957,86d6fdba0d18314d66f64a921c6cff7d9696c60edec09486fff74b67edd8aa64
analysis/benchmarks/bbbc047/cpdistiller_retrieval/audit_exact_well_matched_foreign.py,17893,4b8917cfa81f4762fd479731ff544a75a536c74d098ca45f7b448723ee237706
analysis/benchmarks/bbbc047/cpdistiller_retrieval/build_source_well_mapping.py,12536,e7f923d86892218846dc7ada09c8ede79111f1006243ecf6b33b94c740ce9224
analysis/benchmarks/bbbc047/cpdistiller_retrieval/evaluate_cpdistiller_retrieval.py,22299,611e570d3f3a575bf7026d236880d3fe1e8559446c71ba2b21eb4038205f9dbb
analysis/benchmarks/bbbc047/cpdistiller_retrieval/prepare_cpdistiller_train.py,16455,31c8d40ec901162acd59157789a6362840ef406696c48148525f1f14767259ce
analysis/benchmarks/bbbc047/cpdistiller_retrieval/test_sparse_graph_equivalence.py,2933,cb1177371bc74972548e6a3f3e66ae2f039b5e78ca2c60e621066a65a6975858
analysis/benchmarks/bbbc047/cpdistiller_retrieval/train_cpdistiller_c_sparse.py,18307,2144573193c4124e4e53a4ed68d5d7bcf34acebd78028737ef7fb7fa5725904b
analysis/benchmarks/bbbc047/native_feature_size/native_common.py,7630,9424cddb4c872361adabc937278cd382a7eb78e4af9684c7bad084f9617e5307
analysis/benchmarks/bbbc047/native_feature_size/run_native_test_once.py,13814,57d98a1d0bbd94f7c1291e745a7993735899c0304408df020cb6fed3d4bdb994
analysis/benchmarks/bbbc047/native_feature_size/run_native_validation.py,15279,c15fef03f3e8621ebff9116dfcace37806a8d803a9b72b08fbe135a5055ed75e
analysis/benchmarks/bbbc047/repeat_estimator/freeze_roles.py,11661,706755c7cb68bd2fb744ac1bfc0d141f1e6095e3e79fd30989bf7b195c1f8668
analysis/benchmarks/bbbc047/repeat_estimator/run_external_validation.py,16610,cdc529ddbbb3cb4b3120a7a6939a1807ca4236c24cd89d45c6846cea1c88071b
analysis/benchmarks/bbbc047/repeat_estimator/run_noise2self_validation.py,11807,d3c26165e7c962e6b1f61cac15c5214d8a031d74e694d6a2f16317a787a78646
analysis/benchmarks/bbbc047/repeat_estimator/run_repert_validation.py,14722,884f77ef2cec55be1cf8cf7de2c1a1bf098b9b5e9f82e7081317882d5eb9664c
analysis/benchmarks/bbbc047/repeat_estimator/run_test_once.py,17214,b69484524724d93074180530c4352efed8d0123f3bfcdbdd0d5c2617c9c60f8a
analysis/benchmarks/bbbc047/reproducibility_effect/repro_effect_mvp.py,26596,02c8602f134342507bfdb7586f432f18cce7b1d7bef80791414357cded28b38d
analysis/benchmarks/bbbc047/reproducibility_effect/run_experiment_a.sh,496,cba53465e2df7203ec32ce1caff11586dd5e0c8f436f98657f1167e5dd29dbef
analysis/benchmarks/bbbc047/single_repeat_expression_residual/evaluate_1r_ge_residual.py,22940,8cbb5ff621fb8b6b84888c5a5931b38d7728ff05b7d72d83b1943af5e499d137
analysis/benchmarks/bbbc047/single_repeat_expression_residual/run_1r_ge_residual.sh,565,64671d7459579782b8f65ee52a3d12938b77bd04d14cf60ab7f91f1dbb7c74ff
analysis/benchmarks/bbbc047/virtual_control_reproducibility/repro_effect_prior_posterior.py,20610,5769a17ed60d205a95b343076b6cf572c619a2e63c9aa9e686248c614a1e5f18
analysis/benchmarks/bbbc047/virtual_control_reproducibility/repro_effect_prior_posterior_controls.py,29607,5718e0075895f1bd28d14993019de0545cf088cd90d6c280d92dfbbe8d6e2f4b
analysis/benchmarks/bbbc047/virtual_control_reproducibility/repro_effect_prior_posterior_one_to_one.py,25521,96e4b7ee787ced8846a97c6c15e51ec2c5992ab289b46f473ac6e88ba71ade02
analysis/benchmarks/bbbc047/virtual_control_reproducibility/repro_effect_virtual_correction.py,19043,fd7722c7c0e1843fb4272f08ec8784173709f2e7749ec561f5e662a2ce55a068
analysis/benchmarks/bbbc047/virtual_control_reproducibility/repro_effect_virtual_cp_mvp.py,22017,834451a6db393e49d89a1067e38a173d2321ed13af4dbb154d659fd555414e24
analysis/benchmarks/bbbc047/virtual_control_reproducibility/repro_effect_virtual_cp_strict.py,20746,2f26b295e6e6ef4209f82d3db42ad25760cd17092e298a51c1cd0d3e2a437cbe
analysis/benchmarks/bbbc047/virtual_control_reproducibility/run_experiment_c.sh,533,c2d58616c3319dba36acaf90b92961e818d7a39464c4cc143c855654e931aac4
analysis/benchmarks/bbbc047/virtual_control_reproducibility/run_experiment_c_correction.sh,548,a0641633dac9572d29befcd7242e2e7347acaa5cc109eb45bd2b9931abeae4d9
analysis/benchmarks/bbbc047/virtual_control_reproducibility/run_experiment_c_strict.sh,558,8ac4a113006d2536414ef85beba54b94f98bcd8b1c00141333718ce0002b8c10
analysis/benchmarks/bbbc047/virtual_control_reproducibility/run_experiment_prior_posterior.sh,521,62e6d77b5ea67c00632c2c32ad709d43375f321cc25b5927a016d7977c70c688
analysis/benchmarks/bbbc047/virtual_control_reproducibility/run_experiment_prior_posterior_controls.sh,564,88880b574462ce926715791af552a66e6dc656195c4cd0572a38599e3b373d76
analysis/benchmarks/bbbc047/virtual_control_reproducibility/run_experiment_prior_posterior_one_to_one.sh,572,26b4bada269e3059d53c7a96aae88a02006adf722fcfacc2ce2ded86d18a889d
analysis/biological_applications/dose_response/run_dose_response.py,86579,a6a27761c90bced983bc5f6dd1c41a5f1f11820c5c19c0f5e2cbd8deb547e82d
analysis/biological_applications/hit_recovery/BOOTSTRAP_CI.csv,50290,4fe6f60dbe72be694128ba17af52ae99a5e1d42c350fd8b69ded897e45d797a4
analysis/biological_applications/hit_recovery/run_hit_recovery.py,76017,56bdc49d4a9a6b2fee2af12ee7394dfec9fb9b94c330750a3b39d58110353858
analysis/biological_applications/information_regimes/run_information_regime.py,60248,e08c29d25c587770430f9a529c41cc22d28ffb81314d33847c74f9bfa10b6451
analysis/biological_applications/mechanism_target_retrieval/BOOTSTRAP_CI.csv,89875,fc358ed9002b11daeb44ad90a8711b2e7332e812bfec784dce1f13d55b9ae817
analysis/biological_applications/mechanism_target_retrieval/run_moa_target_retrieval.py,76433,a196227fd8a4e399d0e0a71b63ca0007b94cfff9e3db267169ff876b3ed59bcb
analysis/biological_applications/rescued_cases/run_rescued_cases.py,42300,52bbbafc7a0b1f7918dfa869a6ff64a402b1261abf1c3c8361ff69c05b85489d
analysis/cross_modal/cell_painting_to_expression/cp_to_ge_residual.py,25685,a55b275a6ef0f0c45a9acf0d3945a38252189a442bf7f658e0c2362a248a508b
analysis/cross_modal/cell_painting_to_expression/run_cp_to_ge.sh,629,e95ac2ba94052675597a8c4d7936c66ae3e9d88b2872437d6f4644d7365aee84
analysis/cross_modal/control_conditioned_residual/run_p0_conditioned_cp_residual.py,27281,e228e608b578cb5a456061d5203f59301382fb9719e41b4aec9ea8c270423b2a
analysis/cross_modal/direct_fusion/direct_fusion.py,16966,44c5bf82a58a1df92062620fc5768781fefe8a735e220db8e06157c2f93d8e21
analysis/cross_modal/direct_fusion/run_direct_fusion.sh,635,c49e1e3ba3fad8576bc9eef77a5b3f026a02872c91bae6958fd13252d856857a
analysis/cross_modal/expression_teacher/ge_teacher_experiment.py,33053,d328a0864a4d70ac68d20d6651e3d21150c3c6c0ed1d093ae336eb5dd02b3972
analysis/cross_modal/expression_teacher/run_ge_teacher.sh,637,0fe95f2ced7b46c06d590851a0d77095dd7d37735322f7973c59006024210369
analysis/cross_modal/expression_teacher/run_ge_teacher_v2.sh,640,0f2bad72e0cbed465e0a8cb44fff3798da528e03346b0d253de374270094ed87
analysis/cross_modal/repeat_audit/audit_repeat_structure.py,12465,228b7e37092018456c9454c73644a21c0760d2a056c66cb52e6dbf99d63145ed
analysis/cross_modal/sequential_evidence/run_sequential_evidence.sh,655,6286414ffc547db064a8b0122d5300129082ab2cdc3b455056b4944c496fc45f
analysis/cross_modal/sequential_evidence/sequential_evidence.py,14770,768e1861fa3c30b81846ed57cb9da118028113aa05115d4cba4e09c20963f3e0
analysis/external_validation/lincs_cpg0004/cell_painting_repeat_benchmark/run_cp_repeat_benchmark.py,26101,d54ae2f5c93f297d75bc24ae82bda25b490f61ceaa1cb2c3c41dbcc1e56311fb
analysis/external_validation/lincs_cpg0004/cross_budget/evaluate_cross_budget.py,5509,d5b68e6b38966ce291396784f3b0024a256b4a29a18ddf085c67dc9ec1c539c5
analysis/external_validation/lincs_cpg0004/data_audit/audit_cpg0004.py,26485,f7ad46731f88687d45f6b0a33ee7408616843e66470f8b19977c8737a71b82ba
analysis/external_validation/lincs_cpg0004/data_preparation/build_cpg0004_cp.py,36844,e70e97ef803ffbba188533541199e27b78d69aa1fdc26b5cf4c55b1f2aa2224b
analysis/external_validation/lincs_cpg0004/data_preparation/prepare_cp_plate_rows.py,15830,6c89cf78a53d9c7c447fb5eb70a7dafb29006bd1a59660e7a1de869a4fef9348
analysis/external_validation/lincs_cpg0004/dose_response/analyze_dose_axis.py,8757,db26511fbf92fac3613449f9e6cfa7de437336c1198f353c6db32a8f01ba4876
analysis/external_validation/lincs_cpg0004/expression_alignment_audit/audit_ge_alignment.py,2700,526fba7342c60dba3ca53c24d52fbddf869c8700b6ca9afce28ef1ac8dda8405
analysis/external_validation/lincs_cpg0004/single_repeat_expression_evidence/prepare_ge_rows.py,7735,da6920c1eaf1eda68325d5f75f50edeb855db5de7398a71ecefc4cdd3f81c263
analysis/external_validation/lincs_cpg0004/single_repeat_expression_evidence/run_ge_residual.py,13761,d438f275cb0360b6bef042a94749a1e71ad21bd1626ef91214b37c321738ae30
analysis/external_validation/lincs_cpg0004/virtual_prior/prepare_compound_smiles.py,1425,0dbb5153677fe81dd97dfca5eb0c3f29cbdd70bddd86399e21642ad0524d9398
analysis/external_validation/lincs_cpg0004/virtual_prior/results/1r_all/seed2025/metrics.json,7892,107b380ba5be4997b449cbc1f4a4d117af6a5cd24210c6d8ff7d3050d29009ae
analysis/external_validation/lincs_cpg0004/virtual_prior/results/1r_all/seed3407/metrics.json,7888,2cf1f383f6856ba3932df9101ad662f2af07e81b7190b9cd32501c7b1694770a
analysis/external_validation/lincs_cpg0004/virtual_prior/results/1r_all/seed42/metrics.json,7876,97758935ff083e9b93b099d9f567ab2536341a5797d46e4fbf6a6e0d62792e0e
analysis/external_validation/lincs_cpg0004/virtual_prior/run_prior_posterior.py,17495,3e8326803ee08845e1b70fb8dcb6ee4faddea91cb80c3f75408be375f7a809c8
analysis/external_validation/sci_plex3/cross_cell_validation/LOCO_POOL_source_target_summary.csv,1669,db81350d5d6bb2bbb9ba1bdcae726474ca9ef32fcec556f7447128cad8c5d9ce
analysis/external_validation/sci_plex3/cross_cell_validation/LOCO_POOL_target_macro_summary.csv,2655,1e8fdfdfdb08de26983ed585959aca682afc9a93ee7eccf114f71e6a686b2bf5
analysis/external_validation/sci_plex3/cross_cell_validation/run_cfra_confirmation.py,26389,3ce7bd476fcd9fcbc2db12824951791fc685613f6c78c4093929c15a79197ab1
analysis/external_validation/sci_plex3/cross_cell_validation/run_cross_cell_generalization.py,35240,f5c46a243802b1798f728aea763d0de44310b7cb9efdf1ef3d07e1ff707566cc
analysis/external_validation/sci_plex3/cross_cell_validation/run_cross_cell_loco_pool.py,42566,ac449a3be77a2e908faee9465475138c7b36211e2f0f86be04d379b6199b7f8f
analysis/external_validation/sci_plex3/cross_cell_validation/run_raw_same_foreign.py,26906,62714f06cbd7d216383c197114cb8d41971a3ac92388eab41c5c695322d77012
analysis/external_validation/sci_plex3/run_phase0_external_validation.py,90252,2bda391bf59609287743529ccd941e7856c111661d84790d95a769e76cfb32a3
analysis/external_validation/sci_plex3/student_cross_cell/preflight/build_preflight.py,31324,a51888583a7c7b337eb1f0521b9973e28dbf06bd502b83711d5a9abfb7493192
analysis/external_validation/sci_plex3/student_cross_cell/results/frozen_evaluation/test/target_macro_contrasts.csv,717,a34b0178aa10f3df7effef04b9c3a6a1e4f2592607acb8c8543db5131c713c9f
analysis/external_validation/sci_plex3/student_cross_cell/results/frozen_evaluation/test/target_summary.csv,2733,8c0011c31c8571c1812c183d4680c7ff641b46a0bccda40081e7a9be55e5c818
analysis/external_validation/sci_plex3/student_cross_cell/run_student_crosscell.py,73657,c8d5a20b553c7a51e1b2ea80904455a56eac3e475973b07161ae903e1f4ff065
analysis/morphology/dominant_feature_recovery/PAIRED_CONTRASTS.csv,4640,c6c90b36328aaacfc406fec588dfcf90d4830327ec621c41c1691c4ea17b2835
analysis/morphology/module_dose_trajectories/PAIRED_CONTRASTS.csv,3455,466d4b28f940927282f9ad94b31a776d950bc4918d70999e34f2b80f5f760059
analysis/morphology/module_recovery/PAIRED_CONTRASTS.csv,14744,16275dac030261512f99d572efece98caf9aee12a36c9a10b0b4532430fecbb1
analysis/morphology/reca_evaluation/run_figure4_cfra.py,35415,2017e8c8164d1ee287ec9f326438bb7f50fec4d580ee66f231e17a2dcd18d51a
analysis/morphology/reca_evaluation/run_panel_d.py,71580,5e37994a80a47cb8914b1fdd60070982f54abd88f38fa11e24e345c8dee2950a
analysis/morphology/reca_evaluation/summarize_a_macro.py,3788,39b23cbd3a2cfcc438bb4c42108a69fe65aaaa06bc2e8e317cf3ae7aa105bf19
analysis/morphology/run_feature_annotation.py,20927,db342e07b080deaf6f5fe733ee451e1d38fc5677b7de4a2c67cb2cb9e04495ef
analysis/morphology/run_final_synthesis.py,5124,cae932a659209489e7a324b3c935a55e9eb836d478af088865f39d27076776f7
analysis/morphology/run_morph_ab_core.py,38432,ca35c671d7846795ed0905f13b63a5524986bdd891f65340804c8718079d7377
analysis/morphology/run_morph_c.py,13008,e647d293804554113d304f27d72e8843d0d8eb0aea44b5eb529d8a03c095e4a1
analysis/morphology/run_morph_c_full.py,16477,8bee94e938afe241d0b6daac29a46863b06daaa297ec787d5b10a65834a71ec2
analysis/morphology/run_morph_d.py,23258,35bdeb6412828d200201c85e37ce84443098e3d30edf124e25aeae90a7c9b273
analysis/morphology/run_protocol_lock.py,5097,4558ad9d0a94c0d1f1957ecbcba13fc45c9e97a5ce579fd93bbd919bcff91778
analysis/pathway_validation/curated_retrieval/BOOTSTRAP_CI.csv,10588,48efe1f0ab29e6a303be3eddd4bdae2b1f53597d59beb6616ca4eb0402a9c80d
analysis/pathway_validation/dose_trajectories/run_pathC_pathway_trajectory.py,29952,1c244ae1aea3641227ec72e0b1909988493615a48e383ba1e7b2defe5cd23538
analysis/pathway_validation/run_pathA_curated_retrieval.py,27145,98db2b207a6727643dd6d83c2a402fa49c9ec4827d6786d660d6ca94ee186361
analysis/predictor_supervision/bbbc047/audit_absolute_method_summary.py,6559,e8d83398233cd172a1d4aff324e21efc7a397d4e56d4055db274d2c09ef4f043
analysis/predictor_supervision/bbbc047/results/frozen_evaluation/TEST_CONTRASTS.csv,1346,88394c9436f66b9bcb81f4ab4270d0c9c889dbace372f2d519051999f66e656a
analysis/predictor_supervision/bbbc047/results/frozen_evaluation/TEST_METHOD_SUMMARY.csv,2547,6e8ebcd0c54c74574d7dfa1645a0a5b2a844339a47670ce9a26582cde1b8c24c
analysis/predictor_supervision/bbbc047/run_strict_selected_repeat_m2_v2.py,2151,e4c4ceec2be2df76b8e422a6fd0b729e5046544ccd85571800e44be3f8ed582d
analysis/predictor_supervision/bbbc047/support/prepare_confirmation.py,10356,3974a3f99a7a71d83173d0892c6f54fb47ea3fc5addef4084ed6089b972b4b7f
analysis/predictor_supervision/bbbc047/support/run_capacity_audit.py,25577,e6252b409c06005cb77e5c21df5eedd8c4cc86f0624edfee95f0323f454ab44b
analysis/predictor_supervision/bbbc047/support/run_cfra_target_replacement.py,29108,674a058ee6e2a0316c4b042c23bd4050e7b131ca67567a05c061da89ba602c44
analysis/predictor_supervision/bbbc047/support/run_confirm.py,49418,8712117d0f5f8b1ebe39e404886cfe1ae88b29e965a8ad5ff7f05344580e9124
analysis/predictor_supervision/bbbc047/support/run_fit.py,38449,065aeb7d35f488044602a104bbce110acbfd3ef19c60b5166d71d322a729c358
analysis/predictor_supervision/bbbc047/support/run_rank_matched_pca_control.py,58741,422e217db8dc2bc0db3336dc00d8bd35109551f2cefd2d29bfb709fb51ae75ff
analysis/predictor_supervision/bbbc047/support/run_repeat_budget_cfra_viewaggregate_m2.py,56567,8d72e240c6c036e70d6eade142fa17d3f86c73300b82d830775d191a8b91c2e8
analysis/predictor_supervision/bbbc047/support/run_strict_selected_repeat_m2.py,24310,aa71a12fb820b54eca30a8b9facecad7dae78296b59ed73cd05c86e7f74652a3
analysis/predictor_supervision/sci_plex3/compute_surface_macro.py,17919,88989a912be407c3a3711c72794284a6ab454b3119a0d0955646bfd92403d9d6
analysis/predictor_supervision/sci_plex3/results/confirmation/CONFIRMATION_CONTRASTS_ALL.csv,48470,6b5baf2ce3b8f6f65de5819d9abeb59f11b960608404e875f3b4077da77dd0db
analysis/predictor_supervision/sci_plex3/results/confirmation/SURFACE_MACRO_FULL_COMPARISON.csv,18539,27ad4e802fa727579b608abe29ffd9a38000f68de442f8392bbacf6e96c0c321
analysis/predictor_supervision/sci_plex3/run_complete_matrix.py,87121,bd577d18be4b5595f392ddad042a3866c3ffa7035157512387d96303679042c8
analysis/predictor_supervision/sci_plex3/support/run_formal_teacher.py,52416,975c4d2a807d350038e02f59ce0373b92015dfccddb8e28e2850fb5c1dfe4adc
analysis/predictor_supervision/sci_plex3/support/run_own_cell_unseen.py,90889,6ebfa3f806334ab27ecb37675a9041c1ae17aef0dca4b98ea072931509a29943
analysis/predictor_supervision/sci_plex3/support/run_p0.py,33097,0621c9d54cad13ff78f49463646364fa36e907da0f60619750ab42d5242b59ae
analysis/repeat_calibration/prepare_cpg_train_valid_only.py,3494,e7bf4a15941588f3f986fe96a9868ee28979b9e2603d0fdfac2cad69a5f9f8fc
analysis/repeat_calibration/run_canonical_historical_comparison.py,20177,f284f1b29fb5fabd5f9cff134c3a711e930ed1c5eafe352f96002109bf0d041d
analysis/repeat_calibration/run_rceb_screen.py,27721,4bbc284f4b018090cbf0d47dada7adef309c1098689b7cfd0d72f84e82ab5d7a
analysis/repeat_calibration/run_stage_c_strong_baselines.py,19368,37c4d8847e6e5a6b1f36497f1c07a8254334f32d593beb74a89b5b32786a4eab
analysis/repeat_calibration/run_stage_d_full_cp.py,10880,61a70cea3262775f32f6a985cb82d88c3f298acedd7b77faea81548016eb61fa
analysis/repeat_calibration/run_validation_calibrated_ensemble.py,22789,e545f7508e5b048e54e08531827f69bd4d5ca8bc560157cb6402ec07dcc2c020
analysis/reproducibility_estimation/run_outer_split_ensemble_confirmation.py,19397,becfddcce8296916422548e631477115731db44c13fd33274eb204a6b59bbd9d
analysis/reproducibility_estimation/run_phase1_prototype.py,27482,a00f022a01f86364a8cf3d2d0233bfbd6289c44074b13414a8eeb00e60f310fa
data/reported_tables/benchmark_displayed_numbers.csv,12514,1a3e3765aa73908a3c3e4664ad8bb6d0497cf2a9e0d57c0f7aa3a2618f385b6e
data/reported_tables/INDEX.json,1655,75aac4e68ad1d15ad7dbdc44735fd0aa7fa9909938e7af5e34e2b319e338cd57
data/reported_tables/Table_1_part_1.csv,584,6525fcfce82f45de38e54dc0e519720e6c01a8c14430360cf240060b00f14d4f
data/reported_tables/Table_S1_part_1.csv,4022,ee2f49de7e3aa3c391cca8096dd2615e8d5de925d7620f1d0e66149204c62783
data/reported_tables/Table_S2_part_1.csv,2664,acb02c17d3d82c3d182cd638f8fdda2cff4aea6054d3623b175add39e8f0f7a8
data/reported_tables/Table_S3_part_1.csv,2582,9b28e60b335a940ef6befb978e05c64d459356bf975205bcd29e77e27e6c5ac5
data/reported_tables/Table_S3_part_2.csv,1827,7f59a7eb4ba53a2518ca2063806bab61ca98d6e71aee028f2ad420e2fcf7879b
data/reported_tables/Table_S4_part_1.csv,1048,8ce1c268d8b6b8c21bff90b4e25fa1a5bd389344b60fb9e92ab3d717a94a3b18
data/reported_tables/Table_S5_part_1.csv,651,a6bc5742d0a386a598b782eea4f195992b97d49eb044589320e5c47d76c708fe
data/reported_tables/Table_S5_part_2.csv,843,2b5b22c54f7204fa0594cf9e48974b3f863786263ac4a2c07572937dcac852ef
data/reported_tables/Table_S6_part_1.csv,2348,1bd730e253cff0e1568afbb21eb78cd7c55179890b1624d4a928a99f3d96f58e
data/source_data/figure4_cfra_module_macro.csv,370,517aafb3f003e677ee8dd719a6cf395f6474e718bbee4fd8119e6ce85a4bde51
data/source_data/figure4_cfra_per_compound.csv,330178,4f463f6c371eba347164726bfe3d3cbc09f24b6265134fe6ec3ffea3d3c421bf
data/source_data/figure4_cfra_summary.csv,2108,bb9cf1fa307c145d176c58feead5c7699ad4e2145c9867fe3092ebba6c1a65d3
data/source_data/figure4_supp_downstream_arm_metrics.csv,689,a4279d6aa84fcccfdd6ea36363b149b3c36030261b6bf6f0081fd920628e86fd
data/source_data/figure4_supp_downstream_contrasts.csv,644,cbbd1a57797f9ada5276543a15ec3882e2346010480d315fc8eb4481251a817b
data/source_data/figure4_supp_downstream_per_query.csv,6263467,44213bc817b7937adcad47ecbe48e8e4a9fe290ccb566a430e73d6a75b23b551
data/source_data/predictor_main_source.csv,3727,96341316e1cb60a46be694d0974f7489905a07a9758e7bd883bfa7a4bdc8736f
data/source_data/sciplex3_target_matrix_source.csv,3482,85e1845f828c6334b5571de54942d884332b08890c8a2f70117fd03a0a42cdd2
docs/data_access.md,1329,58a64f67c5939c7e83fc5e7db9f71d82191bd18be129ee7f168e56711134c0cc
docs/reproduction.md,4129,dd933b52205e8d97598a3bc8ffef2578ca6fb38e54974184481de0da341bd15f
docs/source_data_map.csv,5160,ad0e094d88ed46f45fc4ba163cd5ed0a259466fd842640cc053e441e01aa7776
docs/third_party_software.md,925,c8ac04e04c84165ee0d993a54d0365a67aaa58dee69ae17e2a5e3ac73feff93d
examples/expected_structure.json,269,b46af02c10b4e0adbe1d5ec5ebdceffbff06eda038ea4c58114881757890180f
examples/README.md,704,a444d390f807454dcf0ded1a0bdfe78eccc6422dd9172b575405bdd8e7b7766c
examples/synthetic_repeat_profiles.npz,16166,54721f63b94e05a34a1c391abafbfef1db1109e0189256a513cea5f50d292920
figures/data/figure_1/figure1_authors.pdf,229493,27ed8778f1402997dbb4a01855196808b4ff1b1fb789437f5eb80040dd8acc15
figures/data/figure_2/figure2_panelA.csv,1183,3a55f3e66d6c9c1c3e89b07dcd1c6207bac1aa4d54802cb651b375b8b49dfd12
figures/data/figure_2/figure2_panelA_compounds.csv,3853699,123aca96dbbe8d259a5d04c9b3cea99073961cd3cf2d486efa5b15a5c7b389ef
figures/data/figure_2/figure2_panelB.csv,1448,282ef50044d73a45107d14cf2219c9a984a80d1f59d45e8989347239a2a7a18d
figures/data/figure_2/figure2_panelB_compounds.csv,1883371,b5dbccc8b0e103c55a9358040bf2d29a8835ab3589f9b6e10759f8a93e8684f7
figures/data/figure_2/figure2_panelB_seed.csv,2801,8bf6e2a3ec2c74bab7f9b4bf295a3e6afa8d17b956626132f9ef75a415e18ecf
figures/data/figure_2/figure2_panelC.csv,655,86ece62cfe42eddcedd3ea4f7fa89da5e07babf5016fe33bddb7f998a12d2ded
figures/data/figure_2/figure2_panelC_seed.csv,1407,edb5e3d1ed4005a2061891eaba35f9950f61c49d98e4790f526bc1afbae2a209
figures/data/figure_2/figure2_panelD.csv,2064,3ec86247e42037e4ee2e986e642436562787d749891556c61f326f73852660dd
figures/data/figure_2/figure2_panelD_all_metrics.csv,3311,86817204e490158c958ad6af48571c015bfe1e7a92ebdfdfbe814c091f2bba5f
figures/data/figure_2/figure2_panelD_weights.csv,374,9f4f72704de46a790c85b69ec39bacae107a05f117cfd7ad94a6e04cc12df9d8
figures/data/figure_2/figure2_panelE.csv,10038,f1958790d281a1ab27245fa70856af79e12d49cd85958ce3ecdc3cbd75d06f99
figures/data/figure_2/figure2_panelE_macro.csv,222,3e43856678d1be868f8216270cc31860f98563f39841bd85f3b7655d091c639c
figures/data/figure_2/figure2_panelE_outer.csv,1457,494489d72b0aef77de99f9f4c23cabf96a747cae88a01bb6fa10e254b0679b13
figures/data/figure_2/figure2_panelF.csv,2151,280ce53a29b29b5fd9086d215bde7bc7cab01cb5b195a739bc248e8e59039036
figures/data/figure_3/conditioned_residual/seed_2025/per_molecule_scores.csv,2816774,2c3bbce844b3f6f58a34efd47a9545722e5bbd906ca9fdddb88803c9199e2fdc
figures/data/figure_3/conditioned_residual/seed_3407/per_molecule_scores.csv,2817673,36b046282c5456b0a842f50e61e8bfb7686e0c889466b54df0162cc768604883
figures/data/figure_3/conditioned_residual/seed_42/per_molecule_scores.csv,2818627,5c7292bea507147e5268ee735aca442bb3245981afe7aa934f1d6660f7c1d3bd
figures/data/figure_3/figure3_p0_conditioned_report_results.csv,2374,c6ba87aed00ca691e50a6262deaad739bcaf06eae1e981ab025cbbd634912692
figures/data/figure_3/figure3_paired_ge_scores.csv,2126893,87dd6a5d33bb0e4a401f2f8f04dc7b46cad6fc9a5503866e02134a8aeec5660c
figures/data/figure_3/figure3_sequential_per_compound.csv,9249677,0d803b281a174124fa93bbe3a0caab070226da5641e0c37920f09a922082f22f
figures/data/figure_3/figure3_summary.csv,3800,880746f87588ca2fbcf5984992fdc610c3b8d86abeeed27f80251f78db6dc73f
figures/data/figure_3/inputs/cross_modal/cell_painting_to_expression/paired_contrasts.csv,2492,ddf32b64af3247c66709e4ec09dd51378cb13c95b4e71c8bddc958b92d810ad2
figures/data/figure_3/inputs/cross_modal/cell_painting_to_expression/seed_2025/correct.csv,696350,bba70e905df96a160b5ce530d906512e9834747cfb94b2d34cda100a783ae58a
figures/data/figure_3/inputs/cross_modal/cell_painting_to_expression/seed_2025/frozen.csv,722548,a676785740aa7406535ca4c5d219d4329414e651e960765a06ecec67cb57a283
figures/data/figure_3/inputs/cross_modal/cell_painting_to_expression/seed_3407/correct.csv,696814,4564f52ba70476a006f8e2a45b51eceb50870a325b021460c7cb8570e2ebb78d
figures/data/figure_3/inputs/cross_modal/cell_painting_to_expression/seed_3407/frozen.csv,722908,a6ebc6a293d7aca4bf3da2caee2847530c3bb4cda74d9d3ac2b1c02add756386
figures/data/figure_3/inputs/cross_modal/cell_painting_to_expression/seed_42/correct.csv,696898,0c05ed245629ee71921b28abd7a7d00ad5bf08d5bab5dc35bbd0dd81eac71494
figures/data/figure_3/inputs/cross_modal/cell_painting_to_expression/seed_42/frozen.csv,723234,546bb6e4e27c820a8bad20b10e87fe85dc6e2596b98d6036ed029205e06dba6f
figures/data/figure_3/inputs/cross_modal/direct_fusion/bootstrap_summary.csv,1954,8db430856edef66bc4a08489d6c86c21b3c9f25cb670deba3619c57bd7075715
figures/data/figure_3/inputs/cross_modal/direct_fusion/formal/seed_2025/per_molecule_scores.csv,2373129,2bfc673f7c3517e32aedfe1396b9e77e181af540930ea26ceaae65264fc1c31a
figures/data/figure_3/inputs/cross_modal/direct_fusion/formal/seed_3407/per_molecule_scores.csv,2374174,512e7b71c1c4bcb3c9da8910cd29efd3024d409c04f734782a5eeb30d202d4eb
figures/data/figure_3/inputs/cross_modal/direct_fusion/formal/seed_42/per_molecule_scores.csv,2374628,a263cb039bd111a614d0e5f39081dc97bcac6b0e207bc9820e810a14696083d5
figures/data/figure_3/inputs/cross_modal/sequential_evidence/conditional_marginal_gain.csv,2740,afa1990aa1b685ade0ac83ebde5007d19aac9a237a6c86b57c5354ddb394fca3
figures/data/figure_3/inputs/cross_modal/sequential_evidence/formal/seed2025/per_molecule_scores.csv,3045547,678842537c740faef5d051fc462303f254c4563fcc55f8ed9f42d639ec5f9057
figures/data/figure_3/inputs/cross_modal/sequential_evidence/formal/seed3407/per_molecule_scores.csv,3046031,5af8cd54d66d8180ec672ba7e51e2f170ffe2b0477b1a9aef93ee6d11284146e
figures/data/figure_3/inputs/cross_modal/sequential_evidence/formal/seed42/per_molecule_scores.csv,3045785,1526db7d3bd7b643ae91ce785f779f15dae561eb48fb84c64a6e38cbc1564466
figures/data/figure_4/figure4_A_module_effects.csv,3283,bfddbe53dc2677c3b7e5ab34e761f04f8701f475f28005c4b7ff56508d114769
figures/data/figure_4/figure4_B_dominant_features.csv,909,ede964a6707549405d086a59919096ac6526606bc6eb37a37fa74fea19e70d6f
figures/data/figure_4/figure4_C_dose_geometry.csv,17925,cb42f4e25c585254add5456db4d63fec952c087ab7bf4f878be0ecbf1e7e2676
figures/data/figure_4/figure4_C_dose_geometry_by_compound.csv,1674576,01a342f02b8765f07037d8cb2e536d635dba9ffae4e25ff1bb46169d3594fe11
figures/data/figure_4/figure4_C_example_curve.csv,1063,9c021ec8bd4fc8d7f83b56d0581638f4eb73efc882ea7c0cfb981d8f40e19b88
figures/data/figure_4/figure4_C_example_curve_by_seed_rotation.csv,7077,f17116ce70fd729d6d0b8bdf2160befd1a0900a6a29d5e2d07f22e7a40e2a96a
figures/data/figure_4/figure4_C_example_distance_by_seed_rotation.csv,6786,a19a90f3bada725d04eb5e6527f4273f83e05c5e901396417629883bea7396e4
figures/data/figure_4/figure4_C_example_relative_distance.csv,1654,512ad061b1885e53c931c694d17a19daea007817c2bd4e0b9972a2d89c5d949f
figures/data/figure_4/figure4_C_example_selection.csv,13013,2c71137af0bca883174e8dae8961c7f5ad028db1133049f99f57259c2447e68f
figures/data/figure_4/figure4_C_trajectory_effects.csv,3031,a84ee54b46448a97a46f7c71a3d12690842c718212524a91e4df5d77b2297913
figures/data/figure_4/figure4_D_downstream_boundaries.csv,473,67a0d995947b964e71e990d88d4679bbd49e3b6a0af06be6e971ad21f9943394
figures/data/figure_4/figure4_E_direct_estimator_transfer_boundary.csv,2502,8223e4b25235abb35f0263aaac220a2efff799b96804d0a2a4fe4ddbfb8064fb
figures/data/figure_4/figure4_E_direct_estimator_transfer_by_target.csv,1503,c18ea0cc66198866774911b1b6ee01cb3cb9bed0c420d3961cc3890d1e96b2e8
figures/data/figure_4/figure4_E_drug_metrics.csv,233748,04a889e488ae72566cccfeb50134bf4b0eb6814ebf4b08efc877af48d78e0360
figures/data/figure_4/figure4_E_target_macro_contrasts.csv,691,7ccc2a479bdc2f53c1797c94db18d20c1e42edfe245b120b9e9ad37b64777966
figures/data/figure_4/figure4_E_target_summary.csv,2499,a3b66a912bcb3294d7ef6ce0e9c3574d368dd58a4257a2d8a55a54cbb880b112
figures/reference/figure1.pdf,229881,beabfb2db8e0c740827bad096a53203ab2b937231ea3b46fa79de4167362ee48
figures/reference/figure2.pdf,52064,96ef0899e8d1079e311e0615c841916583ae187beadeb63c9f9eccac2c968409
figures/reference/figure3.pdf,37529,24e5d9d89b578b889109b337764796e11e80e336a3d30d265a20fcb14d3861da
figures/reference/figure3_supplement_p0_conditioned.pdf,29926,2fefbd5b32d4cb5bd7d3b5414aca748b32a8e8eeebc161506faa31a97f36c08f
figures/reference/figure4.pdf,51910,121e3ec666cf34ef41f06f4e3e50c40881216f8ba54c79fb0f13f66b7f08b60c
figures/reference/figure4_supp_downstream.pdf,27245,53e568ca6cdb18317aafffb0bd203b3f81ff1d03d81495f8572aefb8a9bd4633
figures/reference/figure4_supp_transfer.pdf,42357,9b95839ac5c102de33140b31cd1cd40bc56890c89bf2a068841810abf7bb46de
figures/reference/figure5.pdf,39015,6a00254a36bce13ef217334d6379ebf26ac6f400534b43038a6131fd3e9aa22d
figures/scripts/build_main_figures.py,1343,a4a4855e9e2daa7c309d1676def2b4162632fee5749e9f50a27acefe44ba0831
figures/scripts/fig1_schematic.py,8995,15e1332b11c6061ddeaf193f6560b1e0deaaca92a8753b2468bf88eda8d32219
figures/scripts/fig2_estimation.py,14036,3658b39014641807ee56c34c89fc01a4139a74b29f321ccf224355daecd8368a
figures/scripts/fig3_crossmodal.py,9697,ddef0e889115832b3b846af54b57655be65d3d0258d817f66fdd417a7a59a3ea
figures/scripts/fig4_morphology.py,9933,6353d72c147cbf41fc66788304e657d14a89a9c07b20eb87bee3d55e398f5e3f
figures/scripts/fig5_predictor.py,6546,5c024bb48f0f6c43cf6771eb4c6aba65abbc8a33ecb98bacdb7200f8dbf59967
figures/scripts/fig_s3_downstream.py,1216,020c0117fa8b8409d82acf6ed0c031dd43c66fed3ef2ec7e918e2fcb011e00eb
figures/scripts/figure3.py,23444,7e702a4071b0e44ae6f1b50091a0fbcf54bb8f44f8d411d7aa3f56d3f73763d7
figures/scripts/figure4.py,36259,537dc1bf2b3f3220b0aeb2c74677560bef36e4916b78562ad0567a21d599fa4c
figures/scripts/figure_style.py,4741,2959eef17faa83a79ead83b29424b6da1c2498ac138b73fcd76b9b722c5c5769
figures/scripts/rp_style.py,15673,eb03db089c3211728291106c4432f52836ad85449df6970e1d0455a702b1dd7a
figures/scripts/support/render_figure4_cfra_mixed.py,35200,4fe30f7aaf06ba691297ff9c286de287e07189d28a858b847f4e1811243cc1e9
figures/scripts/support/render_figure4_cfra_nature.py,37344,1a372e8d2ab27782a4fe92c72122b2b7d9fc11a21dcf982f48ba519f22809d36
LICENSE,1076,b1e5042c2ac1fbb0a13e4c7f75c66963778c6f7dcc5c701a7534a79d7f683eca
metadata/release_status.json,839,3ef40eceaa0fe237c2befc8594e74f1b8beadfe327206297eb4d478a27890885
README.md,2972,01e6bf6e8696b177787e4bf9e85aa17c946a470fcad6a3cba7b28e1c84f0f5fc
requirements-analysis.txt,155,2f1f9df81d9dc6b26138ea0413eaf9732c57ead0fc613d6d0d2e483a43b47c76
requirements-publication.txt,433,9abb1a3d3cc90e9cb1a00badecb2360be5d7feec605a793fc32c01b88123839f
scripts/build_source_data_workbooks.py,8538,c7535dc4c80238ecdf65e8ba3f2cb611097f18a45073993c39aa7f626b50c191
scripts/run_estimator_example.py,2876,9644adeb1344700e2a57df986285c23dac078a4f41bb20611f1f1bd627f198cf
scripts/verify_package.py,2368,8bbc3734121d9fef87447e2b7ec8887ed62e00053ca8a206bb7f78a4e9735134
tables/inputs/bbbc047_prior/seed2025/metrics.json,17077,4e9f224101fa03e6c223e6a98398383dc11bd00adc318996df87044424f0eaef
tables/inputs/bbbc047_prior/seed3407/metrics.json,17088,48938b7093d41ffa971669acbd5ad23344b0be5ef8023d9d52d37e5f7ca8bab4
tables/inputs/bbbc047_prior/seed42/metrics.json,17100,9fe1775609f111c8f73d9b959fcfd8f6752c49e9a6972e697b51c5fef1bf94ca
tables/inputs/biology_transfer_rows.json,45162,eabb2722b27310164d2c76087bbbb16d2127bc177d41572c8eeec6746e0e26ab
tables/inputs/core_evidence_rows.json,52513,ab17bed94732aa9a946cb20c963bf83f8dae0ec6ddaac413ee5555cb6bcb99cb
tables/inputs/prior_rows.json,15203,f1e209abb15e8bc8ebcd5ab9cc9da6dd3afffe5e61a8d890335e11203f3c3141
tables/inputs/table1_resources.json,13628,a2ab066bbd55c2b4e7eacffadf2c71510c025fd540f8ceb428e37c513639497d
tables/predictor/generated/predictor_tables_preview.tex,792,86a2014f138694ee866443d8e93f72ce963bc824b5b21ef888c3c7501d581078
tables/predictor/generated/table_predictor_celllines.tex,7174,b34ec1c8fd0d7bf00ad733f7e31fc9171ab32b7d6241360e5c13c665a4a9883a
tables/predictor/generated/table_predictor_supervision.tex,3906,4c32a61f480accc164df82bc8f95f4f4649b35d6744266ad57081f70932e8b6d
tables/predictor/generated/table_predictor_supervision_inline.tex,3858,c653888887edeb94a8ec7c088d068da11b6f2c300fe966c0b49f2c062bad7bf9
tables/predictor/generated/table_sciplex3_target_matrix.tex,3804,be4fbb5af3735c8a5651312e7d258536379836ce2eeb1d5adaa8732fe0054723
tables/predictor/inputs/arm_estimates/bc_sciplex3_arm_means_and_ci.csv,20392,93990adb9628c9053eaf36ed762d9bd9443439eab91ca17a8df19939814873ac
tables/predictor/inputs/arm_estimates/data_audit.json,2574,044b49cce28fc93151cd77ef7ac6a805d0864852e23cdb3686edd5aa0709ac49
tables/predictor/inputs/rmse/RMSE_AUDIT.json,2337,c5659f6a11085e6f4e9d8b3029f165ca1d5fb745370823a3645c6e943654aecb
tables/predictor/inputs/rmse/RMSE_SUMMARY.csv,3882,36d0319e7a552a42d5f8f1fc21fa25436ab74898bad93a8a39f275156e0e907e
tables/predictor/results/predictor_celllines_source.csv,5914,230a9a376265097b11c8098c6f77b68cdb1b9fbe3e5fc63cf24abb5d39fcc116
tables/predictor/results/predictor_main_source.csv,3727,96341316e1cb60a46be694d0974f7489905a07a9758e7bd883bfa7a4bdc8736f
tables/predictor/results/sciplex3_target_matrix_source.csv,3482,85e1845f828c6334b5571de54942d884332b08890c8a2f70117fd03a0a42cdd2
tables/predictor/results/table_audit.json,3550,33ddc49ff5e734a1b950cc3722ec4b442aea4b8907745bf60fd114db8c9081a6
tables/predictor/scripts/build_predictor_table.py,27415,fd38e3b44b5759742629610ec7d5ecf22da37881624a6a2e7c05ca8022fa9cb4
tables/predictor/scripts/derive_rmse.py,8767,e1839d60e1ff9a22f2be2818c79266b886d11f82c60bcdc86eede659c00eff80
tables/predictor/scripts/extract_bbbc_rmse.py,6967,4eade07c2e73b8207d1dc916aebd8d96f37f47bf0c0d323f533adf7fe5e898dd
tables/predictor/scripts/verify_predictor_tables.py,6807,e89907d0c1ca9d377228633130fe554480db4fb1375f31011dd46e1f01b808cd
