seed,comparison,endpoint,k,seed3407,seed42,seed2025,n_compounds,n_common_before_finite_filter,n_excluded_unscorable,point,ci_low,ci_high,rounds,bootstrap_unit,bootstrap_seed
mean,teacher_minus_raw,overlap_at_k,10,0.04554389312977099,0.042554071246819335,0.04131997455470738,262,262,0,0.04313931297709924,0.034392228583545376,0.051891459923664125,10000,compound,3489349290
mean,teacher_minus_raw,sign_consistency_at_k,10,0.08352735368956743,0.08586513994910942,0.08586832061068703,262,262,0,0.08508693808312129,0.07633995971162001,0.09386158821034776,10000,compound,2280703053
mean,teacher_minus_raw,pcc_reference_topk,10,0.11748651659167444,0.11810585719250721,0.1185842097898985,262,262,0,0.11805886119136004,0.10396161719714303,0.13308253551042923,10000,compound,1541470749
mean,teacher_minus_raw,module_js,10,,,,0,262,262,,,,10000,compound,-1
mean,posterior_ge_minus_teacher,overlap_at_k,10,0.005314885496183205,0.004144402035623408,0.003279262086513995,262,262,0,0.004246183206106869,0.0026155640373197613,0.005845022264631043,10000,compound,995534029
mean,posterior_ge_minus_teacher,sign_consistency_at_k,10,0.006157760814249364,0.004732824427480917,0.004710559796437659,262,262,0,0.005200381679389314,0.003495520568278204,0.0069200858778625945,10000,compound,2487616070
mean,posterior_ge_minus_teacher,pcc_reference_topk,10,0.00882172975557282,0.010116819079207562,0.009430412797484133,262,262,0,0.009456320544088171,0.00684284777748681,0.01214793611441604,10000,compound,2655692081
mean,posterior_ge_minus_teacher,module_js,10,,,,0,262,262,,,,10000,compound,-1
mean,teacher_minus_raw,overlap_at_k,25,0.04511068702290076,0.043764631043257,0.04236005089058524,262,262,0,0.04374512298558101,0.03631812977099237,0.05116462044105174,10000,compound,4076386146
mean,teacher_minus_raw,sign_consistency_at_k,25,0.07760814249363868,0.07883842239185751,0.07751526717557253,262,262,0,0.07798727735368957,0.07064626802374893,0.08530031806615776,10000,compound,3534111253
mean,teacher_minus_raw,pcc_reference_topk,25,0.11915020951960363,0.12024660988761932,0.1190829729416981,262,262,0,0.11949326411630701,0.10689478424949558,0.13249940993693352,10000,compound,1315431057
mean,teacher_minus_raw,module_js,25,0.02771934927619887,0.030017936780876952,0.031140354880433783,262,262,0,0.0296258803125032,0.022616957482982907,0.03681496487966535,10000,compound,2669012089
mean,posterior_ge_minus_teacher,overlap_at_k,25,0.0039376590330788795,0.0045597964376590345,0.0037264631043257,262,262,0,0.004074639525021205,0.0027574003392705692,0.00539187871077184,10000,compound,2672925708
mean,posterior_ge_minus_teacher,sign_consistency_at_k,25,0.005012722646310431,0.004391857506361321,0.004491094147582693,262,262,0,0.0046318914334181486,0.0032993850720949894,0.006002565733672601,10000,compound,309599081
mean,posterior_ge_minus_teacher,pcc_reference_topk,25,0.008039086337422842,0.009389036052207011,0.008936722938946961,262,262,0,0.008788281776192272,0.006594820622218971,0.01097783662371816,10000,compound,2383660991
mean,posterior_ge_minus_teacher,module_js,25,-0.0015602120540531388,-0.0064137381219261606,-0.0038649185683498947,262,262,0,-0.003946289581443065,-0.005307244606649227,-0.002611476275860893,10000,compound,970488907
mean,teacher_minus_raw,overlap_at_k,50,0.03829198473282442,0.03844656488549618,0.035748091603053436,262,262,0,0.037495547073791345,0.03101113761662426,0.0438912955894826,10000,compound,3446516464
mean,teacher_minus_raw,sign_consistency_at_k,50,0.07353880407124683,0.07436641221374045,0.07365458015267175,262,262,0,0.07385326547921967,0.06700831212892283,0.08053649279050044,10000,compound,1188989487
mean,teacher_minus_raw,pcc_reference_topk,50,0.11756019527658003,0.11862894273167081,0.1170528141360857,262,262,0,0.1177473173814455,0.10594441509322101,0.12962117075079818,10000,compound,2383380983
mean,teacher_minus_raw,module_js,50,,,,0,262,262,,,,10000,compound,-1
mean,posterior_ge_minus_teacher,overlap_at_k,50,0.0037041984732824433,0.00444529262086514,0.0037996183206106824,262,262,0,0.003983036471586088,0.0028748515691263783,0.005111111111111109,10000,compound,111520765
mean,posterior_ge_minus_teacher,sign_consistency_at_k,50,0.004519083969465652,0.0048193384223918605,0.004153307888040712,262,262,0,0.004497243426632742,0.0033418097964376644,0.005634653307888041,10000,compound,2757231129
mean,posterior_ge_minus_teacher,pcc_reference_topk,50,0.007914458926658586,0.009191222112841221,0.009055728048089257,262,262,0,0.008720469695863022,0.006688748292320918,0.010828066938150763,10000,compound,2951259094
mean,posterior_ge_minus_teacher,module_js,50,,,,0,262,262,,,,10000,compound,-1
