scope,seed,contrast,bootstrap_rounds,bootstrap_seed,excess_z_ci95,excess_z_point,molecule_count,raw_pcc_ci95,raw_pcc_point
seed,3407,correct_minus_matched_foreign,10000,7591307982667919381,"[0.013806096144786834, 0.024508926639239408]",0.01908774004823851,3691,"[0.012396983902699221, 0.022459975305653343]",0.01736492710199565
seed,3407,correct_minus_p0,10000,3629368692202250509,"[0.007733027583089627, 0.016183891696508326]",0.011926083773345137,3691,"[0.006916478614159209, 0.014825654471941757]",0.010855351365803016
seed,3407,correct_minus_shuffled,10000,3027934003463629839,"[0.01837753109892218, 0.030499341503365494]",0.02442464641105406,3691,"[0.01676295314691414, 0.02813099262730307]",0.02244111347428529
seed,42,correct_minus_matched_foreign,10000,7591307982667916016,"[0.014098447400375637, 0.024079853592561068]",0.019148346023522927,3691,"[0.012581279744102964, 0.021983699720410893]",0.017350484344379902
seed,42,correct_minus_p0,10000,3629368692202247144,"[0.010903758995082195, 0.018978516435640448]",0.014930095689467467,3691,"[0.009843959572332514, 0.017399233211568284]",0.013618120127954091
seed,42,correct_minus_shuffled,10000,3027934003463626474,"[0.02078223588483055, 0.03238303537509423]",0.026649962176442315,3691,"[0.018969139731418786, 0.029871041233649132]",0.024505650742891204
seed,2025,correct_minus_matched_foreign,10000,7591307982667917999,"[0.01637178433192729, 0.026305700023546947]",0.021343599662243463,3691,"[0.014719153257033001, 0.024053427803553625]",0.019397378954264948
seed,2025,correct_minus_p0,10000,3629368692202249127,"[0.010550120322374774, 0.018097472450576]",0.014272694677103745,3691,"[0.009579373664987704, 0.016667618698846694]",0.013064801785214403
seed,2025,correct_minus_shuffled,10000,3027934003463628457,"[0.020542109515255366, 0.03137279412025102]",0.025931772419557193,3691,"[0.018863148812752202, 0.028963741238377097]",0.023901613682393737
pooled_three_seed,all,correct_minus_p0,10000,,"[0.010143764130851968, 0.017402935747029665]",0.013709624713305451,3691,"[0.009192845594062072, 0.015948153622555646]",0.01251275775965717
pooled_three_seed,all,correct_minus_shuffled,10000,,"[0.020395676350657175, 0.03101100034550904]",0.025668793669017854,3691,"[0.01867855317278027, 0.028586855292281506]",0.023616125966523408
pooled_three_seed,all,correct_minus_matched_foreign,10000,,"[0.015352419238003493, 0.02448532727737407]",0.0198598952446683,3691,"[0.013828752055586814, 0.02240945536915632]",0.018037596800213503
