target_cell_line,surface,metric,comparison,estimate,ci_low,ci_high,n_drugs,bootstrap_draws,bootstrap_unit,teacher_regime,capacity,parameter_count,confirmation_treated_loaded,test_loaded
A549,cross_cell_seen,A,M2_CFRA1Residual - M0_RawAggregate,-0.0023667184161313914,-0.0031550995438000733,-0.001608939758276605,183,10000,paired_drug,fit-compound-OOF,H512Z128,2397264,True,True
A549,cross_cell_seen,A,M1_CFRA1Aggregate - M0_RawAggregate,-0.0010006426927267997,-0.002326031620841612,0.0003237403538313536,183,10000,paired_drug,fit-compound-OOF,H512Z128,2397264,True,True
A549,cross_cell_seen,A,M2_CFRA1Residual - M1_CFRA1Aggregate,-0.0013660757234045915,-0.003022371393806487,0.0003064728044633414,183,10000,paired_drug,fit-compound-OOF,H512Z128,2397264,True,True
A549,cross_cell_seen,z_same_F,M2_CFRA1Residual - M0_RawAggregate,-0.0023667184161313914,-0.0031572590823844933,-0.001610053328462253,183,10000,paired_drug,fit-compound-OOF,H512Z128,2397264,True,True
A549,cross_cell_seen,z_same_F,M1_CFRA1Aggregate - M0_RawAggregate,-0.0010006426927267997,-0.0023340546110569168,0.0003461490634544885,183,10000,paired_drug,fit-compound-OOF,H512Z128,2397264,True,True
A549,cross_cell_seen,z_same_F,M2_CFRA1Residual - M1_CFRA1Aggregate,-0.0013660757234045915,-0.003046895498362592,0.0003062687402648648,183,10000,paired_drug,fit-compound-OOF,H512Z128,2397264,True,True
A549,cross_cell_seen,z_foreign_F,M2_CFRA1Residual - M0_RawAggregate,-0.0008605396583381168,-0.0009835597589072514,-0.0007403858667574155,183,10000,paired_drug,fit-compound-OOF,H512Z128,2397264,True,True
A549,cross_cell_seen,z_foreign_F,M1_CFRA1Aggregate - M0_RawAggregate,0.0025444043038145383,0.0022808356937192814,0.0028134637631778243,183,10000,paired_drug,fit-compound-OOF,H512Z128,2397264,True,True
A549,cross_cell_seen,z_foreign_F,M2_CFRA1Residual - M1_CFRA1Aggregate,-0.0034049439621526545,-0.003709753379997998,-0.003103837006960812,183,10000,paired_drug,fit-compound-OOF,H512Z128,2397264,True,True
A549,cross_cell_seen,E,M2_CFRA1Residual - M0_RawAggregate,-0.0015061787577932747,-0.002225677282360034,-0.000810744430993171,183,10000,paired_drug,fit-compound-OOF,H512Z128,2397264,True,True
A549,cross_cell_seen,E,M1_CFRA1Aggregate - M0_RawAggregate,-0.0035450469965413378,-0.004930951576677948,-0.0021680088732636414,183,10000,paired_drug,fit-compound-OOF,H512Z128,2397264,True,True
A549,cross_cell_seen,E,M2_CFRA1Residual - M1_CFRA1Aggregate,0.0020388682387480635,0.0003701820640773956,0.0037081577812088976,183,10000,paired_drug,fit-compound-OOF,H512Z128,2397264,True,True
A549,cross_cell_seen,held_pcc_A,M2_CFRA1Residual - M0_RawAggregate,-0.00283774332619253,-0.0037670691695603975,-0.001937985581130403,183,10000,paired_drug,fit-compound-OOF,H512Z128,2397264,True,True
A549,cross_cell_seen,held_pcc_A,M1_CFRA1Aggregate - M0_RawAggregate,-0.0014377702698207331,-0.0035358892930022656,0.0006467725285010759,183,10000,paired_drug,fit-compound-OOF,H512Z128,2397264,True,True
A549,cross_cell_seen,held_pcc_A,M2_CFRA1Residual - M1_CFRA1Aggregate,-0.0013999730563717964,-0.003967308946112146,0.00122070276015091,183,10000,paired_drug,fit-compound-OOF,H512Z128,2397264,True,True
A549,cross_cell_seen,held_pcc_B,M2_CFRA1Residual - M0_RawAggregate,-0.0018809574239650965,-0.002790437288969372,-0.0009800918144032304,183,10000,paired_drug,fit-compound-OOF,H512Z128,2397264,True,True
A549,cross_cell_seen,held_pcc_B,M1_CFRA1Aggregate - M0_RawAggregate,-0.0005615273422609038,-0.0019942040744687704,0.0009075438363771456,183,10000,paired_drug,fit-compound-OOF,H512Z128,2397264,True,True
A549,cross_cell_seen,held_pcc_B,M2_CFRA1Residual - M1_CFRA1Aggregate,-0.0013194300817041926,-0.0032533785225458394,0.0005733610013630297,183,10000,paired_drug,fit-compound-OOF,H512Z128,2397264,True,True
A549,cross_cell_seen,delta_pcc,M2_CFRA1Residual - M0_RawAggregate,-0.0032798610427683633,-0.004305845650312538,-0.0023015338752092026,183,10000,paired_drug,fit-compound-OOF,H512Z128,2397264,True,True
A549,cross_cell_seen,delta_pcc,M1_CFRA1Aggregate - M0_RawAggregate,-0.0014490820114597164,-0.0033615825836650266,0.0004069601289342729,183,10000,paired_drug,fit-compound-OOF,H512Z128,2397264,True,True
A549,cross_cell_seen,delta_pcc,M2_CFRA1Residual - M1_CFRA1Aggregate,-0.0018307790313086467,-0.004213670245041511,0.0005171537569033627,183,10000,paired_drug,fit-compound-OOF,H512Z128,2397264,True,True
A549,cross_cell_seen,full_target_pcc,M2_CFRA1Residual - M0_RawAggregate,-0.005144955520033987,-0.0052957655306479015,-0.004999530411496535,183,10000,paired_drug,fit-compound-OOF,H512Z128,2397264,True,True
A549,cross_cell_seen,full_target_pcc,M1_CFRA1Aggregate - M0_RawAggregate,0.0055795686653963405,0.005414936225205629,0.005737443899962199,183,10000,paired_drug,fit-compound-OOF,H512Z128,2397264,True,True
A549,cross_cell_seen,full_target_pcc,M2_CFRA1Residual - M1_CFRA1Aggregate,-0.010724524185430328,-0.01095049504292246,-0.010493808571667564,183,10000,paired_drug,fit-compound-OOF,H512Z128,2397264,True,True
A549,cross_cell_seen,raw_target_mse,M2_CFRA1Residual - M0_RawAggregate,0.021797431839836966,0.021189700523713682,0.02241878337710282,183,10000,paired_drug,fit-compound-OOF,H512Z128,2397264,True,True
A549,cross_cell_seen,raw_target_mse,M1_CFRA1Aggregate - M0_RawAggregate,-0.01871873206291043,-0.019270811958038307,-0.018149259658309817,183,10000,paired_drug,fit-compound-OOF,H512Z128,2397264,True,True
A549,cross_cell_seen,raw_target_mse,M2_CFRA1Residual - M1_CFRA1Aggregate,0.04051616390274739,0.039614361538831654,0.041409464743673685,183,10000,paired_drug,fit-compound-OOF,H512Z128,2397264,True,True
A549,cross_cell_unseen,A,M2_CFRA1Residual - M0_RawAggregate,-0.0018226743230807623,-0.003428235310992538,-0.00028926838445163824,36,10000,paired_drug,fit-compound-OOF,H512Z128,2397264,True,True
A549,cross_cell_unseen,A,M1_CFRA1Aggregate - M0_RawAggregate,-0.0003100721638439346,-0.0032575861678579886,0.002482495656402129,36,10000,paired_drug,fit-compound-OOF,H512Z128,2397264,True,True
A549,cross_cell_unseen,A,M2_CFRA1Residual - M1_CFRA1Aggregate,-0.0015126021592368278,-0.005298586572560786,0.0023142449281871795,36,10000,paired_drug,fit-compound-OOF,H512Z128,2397264,True,True
A549,cross_cell_unseen,z_same_F,M2_CFRA1Residual - M0_RawAggregate,-0.0018226743230807623,-0.003416631787455629,-0.0003023340470518087,36,10000,paired_drug,fit-compound-OOF,H512Z128,2397264,True,True
A549,cross_cell_unseen,z_same_F,M1_CFRA1Aggregate - M0_RawAggregate,-0.0003100721638439346,-0.0032423433236429488,0.0025432839463157037,36,10000,paired_drug,fit-compound-OOF,H512Z128,2397264,True,True
A549,cross_cell_unseen,z_same_F,M2_CFRA1Residual - M1_CFRA1Aggregate,-0.0015126021592368278,-0.0051736369104796835,0.0022618627276113617,36,10000,paired_drug,fit-compound-OOF,H512Z128,2397264,True,True
A549,cross_cell_unseen,z_foreign_F,M2_CFRA1Residual - M0_RawAggregate,-0.0011868431071595464,-0.0014038062345561127,-0.000988853330065289,36,10000,paired_drug,fit-compound-OOF,H512Z128,2397264,True,True
A549,cross_cell_unseen,z_foreign_F,M1_CFRA1Aggregate - M0_RawAggregate,0.0020203706000643967,0.0013959864915079536,0.002643207143116222,36,10000,paired_drug,fit-compound-OOF,H512Z128,2397264,True,True
A549,cross_cell_unseen,z_foreign_F,M2_CFRA1Residual - M1_CFRA1Aggregate,-0.003207213707223943,-0.003906856994263573,-0.002530558156219946,36,10000,paired_drug,fit-compound-OOF,H512Z128,2397264,True,True
A549,cross_cell_unseen,E,M2_CFRA1Residual - M0_RawAggregate,-0.0006358312159212157,-0.0021472856684103423,0.0007809986376257848,36,10000,paired_drug,fit-compound-OOF,H512Z128,2397264,True,True
A549,cross_cell_unseen,E,M1_CFRA1Aggregate - M0_RawAggregate,-0.0023304427639083305,-0.005233919063563914,0.0005254167958661782,36,10000,paired_drug,fit-compound-OOF,H512Z128,2397264,True,True
A549,cross_cell_unseen,E,M2_CFRA1Residual - M1_CFRA1Aggregate,0.0016946115479871155,-0.002059950586728836,0.005340507662543929,36,10000,paired_drug,fit-compound-OOF,H512Z128,2397264,True,True
A549,cross_cell_unseen,held_pcc_A,M2_CFRA1Residual - M0_RawAggregate,-0.0024290340520242526,-0.004499635764475576,-0.0004111116253351623,36,10000,paired_drug,fit-compound-OOF,H512Z128,2397264,True,True
A549,cross_cell_unseen,held_pcc_A,M1_CFRA1Aggregate - M0_RawAggregate,-0.00043972027089954135,-0.004977324351139296,0.003986571696797334,36,10000,paired_drug,fit-compound-OOF,H512Z128,2397264,True,True
A549,cross_cell_unseen,held_pcc_A,M2_CFRA1Residual - M1_CFRA1Aggregate,-0.001989313781124711,-0.007898899004230528,0.004318284128534175,36,10000,paired_drug,fit-compound-OOF,H512Z128,2397264,True,True
A549,cross_cell_unseen,held_pcc_B,M2_CFRA1Residual - M0_RawAggregate,-0.0012114812435043763,-0.003082917002683178,0.0005584483825564743,36,10000,paired_drug,fit-compound-OOF,H512Z128,2397264,True,True
A549,cross_cell_unseen,held_pcc_B,M1_CFRA1Aggregate - M0_RawAggregate,-0.0001794306006252119,-0.003461379152287004,0.0030248421766783094,36,10000,paired_drug,fit-compound-OOF,H512Z128,2397264,True,True
A549,cross_cell_unseen,held_pcc_B,M2_CFRA1Residual - M1_CFRA1Aggregate,-0.0010320506428791645,-0.005058586503613003,0.0031116220825596268,36,10000,paired_drug,fit-compound-OOF,H512Z128,2397264,True,True
A549,cross_cell_unseen,delta_pcc,M2_CFRA1Residual - M0_RawAggregate,-0.002579436705807736,-0.004852346013282251,-0.0005061439717746251,36,10000,paired_drug,fit-compound-OOF,H512Z128,2397264,True,True
A549,cross_cell_unseen,delta_pcc,M1_CFRA1Aggregate - M0_RawAggregate,-0.0005133957361367411,-0.004720610020149184,0.003546409632707352,36,10000,paired_drug,fit-compound-OOF,H512Z128,2397264,True,True
A549,cross_cell_unseen,delta_pcc,M2_CFRA1Residual - M1_CFRA1Aggregate,-0.0020660409696709953,-0.00728183044221238,0.0033732503812169876,36,10000,paired_drug,fit-compound-OOF,H512Z128,2397264,True,True
A549,cross_cell_unseen,full_target_pcc,M2_CFRA1Residual - M0_RawAggregate,-0.005626186795656974,-0.00579809003201615,-0.005456493364030357,36,10000,paired_drug,fit-compound-OOF,H512Z128,2397264,True,True
A549,cross_cell_unseen,full_target_pcc,M1_CFRA1Aggregate - M0_RawAggregate,0.004616883543546064,0.004422169524722483,0.004796267541483771,36,10000,paired_drug,fit-compound-OOF,H512Z128,2397264,True,True
A549,cross_cell_unseen,full_target_pcc,M2_CFRA1Residual - M1_CFRA1Aggregate,-0.010243070339203039,-0.01053525088348001,-0.009946904020754077,36,10000,paired_drug,fit-compound-OOF,H512Z128,2397264,True,True
A549,cross_cell_unseen,raw_target_mse,M2_CFRA1Residual - M0_RawAggregate,0.02244392258149606,0.021717234249054276,0.023205055068764417,36,10000,paired_drug,fit-compound-OOF,H512Z128,2397264,True,True
A549,cross_cell_unseen,raw_target_mse,M1_CFRA1Aggregate - M0_RawAggregate,-0.015160659259116202,-0.015868033351445633,-0.014419868095191534,36,10000,paired_drug,fit-compound-OOF,H512Z128,2397264,True,True
A549,cross_cell_unseen,raw_target_mse,M2_CFRA1Residual - M1_CFRA1Aggregate,0.037604581840612265,0.036425684668399655,0.03872308517564778,36,10000,paired_drug,fit-compound-OOF,H512Z128,2397264,True,True
A549,own_cell_unseen,A,M2_CFRA1Residual - M0_RawAggregate,0.003165084197446388,0.0021579906450897393,0.004089032522210901,36,10000,paired_drug,fit-compound-OOF,H512Z128,2397264,True,True
A549,own_cell_unseen,A,M1_CFRA1Aggregate - M0_RawAggregate,-0.15602699567115833,-0.16122633161616937,-0.15119927549789544,36,10000,paired_drug,fit-compound-OOF,H512Z128,2397264,True,True
A549,own_cell_unseen,A,M2_CFRA1Residual - M1_CFRA1Aggregate,0.15919207986860473,0.15422575137923272,0.16420120611145414,36,10000,paired_drug,fit-compound-OOF,H512Z128,2397264,True,True
A549,own_cell_unseen,z_same_F,M2_CFRA1Residual - M0_RawAggregate,0.003165084197446388,0.0021470176212176986,0.004118555549365113,36,10000,paired_drug,fit-compound-OOF,H512Z128,2397264,True,True
A549,own_cell_unseen,z_same_F,M1_CFRA1Aggregate - M0_RawAggregate,-0.15602699567115833,-0.16114840334468528,-0.15133669895983978,36,10000,paired_drug,fit-compound-OOF,H512Z128,2397264,True,True
A549,own_cell_unseen,z_same_F,M2_CFRA1Residual - M1_CFRA1Aggregate,0.15919207986860473,0.15430589043961815,0.16429215306658704,36,10000,paired_drug,fit-compound-OOF,H512Z128,2397264,True,True
A549,own_cell_unseen,z_foreign_F,M2_CFRA1Residual - M0_RawAggregate,0.0030259791395692718,0.0023174401283375754,0.0036827403032058978,36,10000,paired_drug,fit-compound-OOF,H512Z128,2397264,True,True
A549,own_cell_unseen,z_foreign_F,M1_CFRA1Aggregate - M0_RawAggregate,-0.04738189954413465,-0.0495315153497927,-0.04502834419305385,36,10000,paired_drug,fit-compound-OOF,H512Z128,2397264,True,True
A549,own_cell_unseen,z_foreign_F,M2_CFRA1Residual - M1_CFRA1Aggregate,0.05040787868370393,0.04772880806873097,0.0529342872769507,36,10000,paired_drug,fit-compound-OOF,H512Z128,2397264,True,True
A549,own_cell_unseen,E,M2_CFRA1Residual - M0_RawAggregate,0.0001391050578771187,-0.0006592878235419536,0.0008969571296601676,36,10000,paired_drug,fit-compound-OOF,H512Z128,2397264,True,True
A549,own_cell_unseen,E,M1_CFRA1Aggregate - M0_RawAggregate,-0.10864509612702371,-0.11316696408542666,-0.10440087066313078,36,10000,paired_drug,fit-compound-OOF,H512Z128,2397264,True,True
A549,own_cell_unseen,E,M2_CFRA1Residual - M1_CFRA1Aggregate,0.10878420118490083,0.10443419931684043,0.11355075564538372,36,10000,paired_drug,fit-compound-OOF,H512Z128,2397264,True,True
A549,own_cell_unseen,held_pcc_A,M2_CFRA1Residual - M0_RawAggregate,-0.01323188703782529,-0.015487520719061263,-0.011103334923461916,36,10000,paired_drug,fit-compound-OOF,H512Z128,2397264,True,True
A549,own_cell_unseen,held_pcc_A,M1_CFRA1Aggregate - M0_RawAggregate,-0.17006831516237741,-0.17912166540334362,-0.16183640648363454,36,10000,paired_drug,fit-compound-OOF,H512Z128,2397264,True,True
A549,own_cell_unseen,held_pcc_A,M2_CFRA1Residual - M1_CFRA1Aggregate,0.15683642812455212,0.14797377115209695,0.166445347996991,36,10000,paired_drug,fit-compound-OOF,H512Z128,2397264,True,True
A549,own_cell_unseen,held_pcc_B,M2_CFRA1Residual - M0_RawAggregate,0.021183492685632903,0.017959871964027166,0.024534013531470382,36,10000,paired_drug,fit-compound-OOF,H512Z128,2397264,True,True
A549,own_cell_unseen,held_pcc_B,M1_CFRA1Aggregate - M0_RawAggregate,-0.08876456813252213,-0.09742215517349535,-0.07965379306282117,36,10000,paired_drug,fit-compound-OOF,H512Z128,2397264,True,True
A549,own_cell_unseen,held_pcc_B,M2_CFRA1Residual - M1_CFRA1Aggregate,0.10994806081815503,0.10135329995254763,0.11795071266913858,36,10000,paired_drug,fit-compound-OOF,H512Z128,2397264,True,True
A549,own_cell_unseen,delta_pcc,M2_CFRA1Residual - M0_RawAggregate,0.003530420367831901,0.002448301098264135,0.004587197519333235,36,10000,paired_drug,fit-compound-OOF,H512Z128,2397264,True,True
A549,own_cell_unseen,delta_pcc,M1_CFRA1Aggregate - M0_RawAggregate,-0.18727449498878776,-0.1939903862301913,-0.18103411974957612,36,10000,paired_drug,fit-compound-OOF,H512Z128,2397264,True,True
A549,own_cell_unseen,delta_pcc,M2_CFRA1Residual - M1_CFRA1Aggregate,0.19080491535661964,0.18452400527985804,0.19742779501370214,36,10000,paired_drug,fit-compound-OOF,H512Z128,2397264,True,True
A549,own_cell_unseen,full_target_pcc,M2_CFRA1Residual - M0_RawAggregate,0.0034058356057798883,0.0020041060342615327,0.0046414188181668915,36,10000,paired_drug,fit-compound-OOF,H512Z128,2397264,True,True
A549,own_cell_unseen,full_target_pcc,M1_CFRA1Aggregate - M0_RawAggregate,-0.12118993594323893,-0.12726589164690294,-0.11583217959689186,36,10000,paired_drug,fit-compound-OOF,H512Z128,2397264,True,True
A549,own_cell_unseen,full_target_pcc,M2_CFRA1Residual - M1_CFRA1Aggregate,0.12459577154901881,0.11896799234234043,0.13023731092272522,36,10000,paired_drug,fit-compound-OOF,H512Z128,2397264,True,True
A549,own_cell_unseen,raw_target_mse,M2_CFRA1Residual - M0_RawAggregate,-0.0037895653534818527,-0.005262027744686712,-0.0021245055900955606,36,10000,paired_drug,fit-compound-OOF,H512Z128,2397264,True,True
A549,own_cell_unseen,raw_target_mse,M1_CFRA1Aggregate - M0_RawAggregate,0.2044758524193808,0.19482674549540713,0.21451355628324328,36,10000,paired_drug,fit-compound-OOF,H512Z128,2397264,True,True
A549,own_cell_unseen,raw_target_mse,M2_CFRA1Residual - M1_CFRA1Aggregate,-0.20826541777286264,-0.21788885043416586,-0.19867578432722777,36,10000,paired_drug,fit-compound-OOF,H512Z128,2397264,True,True
K562,cross_cell_seen,A,M2_CFRA1Residual - M0_RawAggregate,-0.003007974456526801,-0.003599231659331986,-0.002450442433401077,183,10000,paired_drug,fit-compound-OOF,H512Z128,2397264,True,True
K562,cross_cell_seen,A,M1_CFRA1Aggregate - M0_RawAggregate,0.005233001929542398,0.0043962443180088255,0.0060977849702487305,183,10000,paired_drug,fit-compound-OOF,H512Z128,2397264,True,True
K562,cross_cell_seen,A,M2_CFRA1Residual - M1_CFRA1Aggregate,-0.0082409763860692,-0.009332169685497778,-0.007173577946595554,183,10000,paired_drug,fit-compound-OOF,H512Z128,2397264,True,True
K562,cross_cell_seen,z_same_F,M2_CFRA1Residual - M0_RawAggregate,-0.003007974456526801,-0.0035816773035565286,-0.00241999736161395,183,10000,paired_drug,fit-compound-OOF,H512Z128,2397264,True,True
K562,cross_cell_seen,z_same_F,M1_CFRA1Aggregate - M0_RawAggregate,0.005233001929542398,0.00438806774519788,0.006066695361873741,183,10000,paired_drug,fit-compound-OOF,H512Z128,2397264,True,True
K562,cross_cell_seen,z_same_F,M2_CFRA1Residual - M1_CFRA1Aggregate,-0.0082409763860692,-0.009317457227351604,-0.007160279268845991,183,10000,paired_drug,fit-compound-OOF,H512Z128,2397264,True,True
K562,cross_cell_seen,z_foreign_F,M2_CFRA1Residual - M0_RawAggregate,-0.002700685132736019,-0.0028121331122627847,-0.002589690390326036,183,10000,paired_drug,fit-compound-OOF,H512Z128,2397264,True,True
K562,cross_cell_seen,z_foreign_F,M1_CFRA1Aggregate - M0_RawAggregate,0.006950829921365764,0.006784085944124626,0.007120180555086396,183,10000,paired_drug,fit-compound-OOF,H512Z128,2397264,True,True
K562,cross_cell_seen,z_foreign_F,M2_CFRA1Residual - M1_CFRA1Aggregate,-0.009651515054101787,-0.009857100334604256,-0.009448495877463797,183,10000,paired_drug,fit-compound-OOF,H512Z128,2397264,True,True
K562,cross_cell_seen,E,M2_CFRA1Residual - M0_RawAggregate,-0.0003072893237907817,-0.0008611122421900824,0.00022343744548657376,183,10000,paired_drug,fit-compound-OOF,H512Z128,2397264,True,True
K562,cross_cell_seen,E,M1_CFRA1Aggregate - M0_RawAggregate,-0.0017178279918233675,-0.0026029709160052352,-0.0008335698207828124,183,10000,paired_drug,fit-compound-OOF,H512Z128,2397264,True,True
K562,cross_cell_seen,E,M2_CFRA1Residual - M1_CFRA1Aggregate,0.0014105386680325859,0.00030662486429813856,0.002515525129322335,183,10000,paired_drug,fit-compound-OOF,H512Z128,2397264,True,True
K562,cross_cell_seen,held_pcc_A,M2_CFRA1Residual - M0_RawAggregate,-0.003234094344778208,-0.0040666087863257495,-0.0023988613431795707,183,10000,paired_drug,fit-compound-OOF,H512Z128,2397264,True,True
K562,cross_cell_seen,held_pcc_A,M1_CFRA1Aggregate - M0_RawAggregate,0.004972933148855776,0.0037701835726026397,0.006177622524468821,183,10000,paired_drug,fit-compound-OOF,H512Z128,2397264,True,True
K562,cross_cell_seen,held_pcc_A,M2_CFRA1Residual - M1_CFRA1Aggregate,-0.008207027493633985,-0.009855168095075105,-0.006531283408309772,183,10000,paired_drug,fit-compound-OOF,H512Z128,2397264,True,True
K562,cross_cell_seen,held_pcc_B,M2_CFRA1Residual - M0_RawAggregate,-0.002773306272428441,-0.0034777288337060033,-0.002091252060103958,183,10000,paired_drug,fit-compound-OOF,H512Z128,2397264,True,True
K562,cross_cell_seen,held_pcc_B,M1_CFRA1Aggregate - M0_RawAggregate,0.005486173198101737,0.004509441035143854,0.006435477711678212,183,10000,paired_drug,fit-compound-OOF,H512Z128,2397264,True,True
K562,cross_cell_seen,held_pcc_B,M2_CFRA1Residual - M1_CFRA1Aggregate,-0.008259479470530177,-0.009475064569922724,-0.007072057788518943,183,10000,paired_drug,fit-compound-OOF,H512Z128,2397264,True,True
K562,cross_cell_seen,delta_pcc,M2_CFRA1Residual - M0_RawAggregate,-0.004165255860678318,-0.004960665486356783,-0.003395044998757303,183,10000,paired_drug,fit-compound-OOF,H512Z128,2397264,True,True
K562,cross_cell_seen,delta_pcc,M1_CFRA1Aggregate - M0_RawAggregate,0.0072855727374289275,0.006094537299897199,0.008461133909469632,183,10000,paired_drug,fit-compound-OOF,H512Z128,2397264,True,True
K562,cross_cell_seen,delta_pcc,M2_CFRA1Residual - M1_CFRA1Aggregate,-0.011450828598107246,-0.012992252392561588,-0.009978808156660328,183,10000,paired_drug,fit-compound-OOF,H512Z128,2397264,True,True
K562,cross_cell_seen,full_target_pcc,M2_CFRA1Residual - M0_RawAggregate,-0.00273469962400588,-0.0028414694153228366,-0.0026270188444904277,183,10000,paired_drug,fit-compound-OOF,H512Z128,2397264,True,True
K562,cross_cell_seen,full_target_pcc,M1_CFRA1Aggregate - M0_RawAggregate,0.004145336555569208,0.004028993759708132,0.0042501937649561915,183,10000,paired_drug,fit-compound-OOF,H512Z128,2397264,True,True
K562,cross_cell_seen,full_target_pcc,M2_CFRA1Residual - M1_CFRA1Aggregate,-0.006880036179575089,-0.007032327133412896,-0.006724893378024035,183,10000,paired_drug,fit-compound-OOF,H512Z128,2397264,True,True
K562,cross_cell_seen,raw_target_mse,M2_CFRA1Residual - M0_RawAggregate,0.010664671225191685,0.010267420176871272,0.011072905191334005,183,10000,paired_drug,fit-compound-OOF,H512Z128,2397264,True,True
K562,cross_cell_seen,raw_target_mse,M1_CFRA1Aggregate - M0_RawAggregate,-0.012862433202713998,-0.013271541421883526,-0.012412447913232611,183,10000,paired_drug,fit-compound-OOF,H512Z128,2397264,True,True
K562,cross_cell_seen,raw_target_mse,M2_CFRA1Residual - M1_CFRA1Aggregate,0.023527104427905683,0.022954999322312562,0.024102701238595717,183,10000,paired_drug,fit-compound-OOF,H512Z128,2397264,True,True
K562,cross_cell_unseen,A,M2_CFRA1Residual - M0_RawAggregate,-0.003049666403621804,-0.0039145593570400795,-0.0021738403837046768,36,10000,paired_drug,fit-compound-OOF,H512Z128,2397264,True,True
K562,cross_cell_unseen,A,M1_CFRA1Aggregate - M0_RawAggregate,0.004747395612367689,0.0033568363636968072,0.006218156728449863,36,10000,paired_drug,fit-compound-OOF,H512Z128,2397264,True,True
K562,cross_cell_unseen,A,M2_CFRA1Residual - M1_CFRA1Aggregate,-0.007797062015989495,-0.009687086110904127,-0.005917200924763904,36,10000,paired_drug,fit-compound-OOF,H512Z128,2397264,True,True
K562,cross_cell_unseen,z_same_F,M2_CFRA1Residual - M0_RawAggregate,-0.003049666403621804,-0.003905522282351207,-0.0021773864832167287,36,10000,paired_drug,fit-compound-OOF,H512Z128,2397264,True,True
K562,cross_cell_unseen,z_same_F,M1_CFRA1Aggregate - M0_RawAggregate,0.004747395612367689,0.0033267334280958,0.00625222645086773,36,10000,paired_drug,fit-compound-OOF,H512Z128,2397264,True,True
K562,cross_cell_unseen,z_same_F,M2_CFRA1Residual - M1_CFRA1Aggregate,-0.007797062015989495,-0.009705011534300392,-0.005886651422892416,36,10000,paired_drug,fit-compound-OOF,H512Z128,2397264,True,True
K562,cross_cell_unseen,z_foreign_F,M2_CFRA1Residual - M0_RawAggregate,-0.0030869672618132836,-0.0032406820809603213,-0.002938769828046423,36,10000,paired_drug,fit-compound-OOF,H512Z128,2397264,True,True
K562,cross_cell_unseen,z_foreign_F,M1_CFRA1Aggregate - M0_RawAggregate,0.007325316001148677,0.0069227483319499895,0.007720776071730804,36,10000,paired_drug,fit-compound-OOF,H512Z128,2397264,True,True
K562,cross_cell_unseen,z_foreign_F,M2_CFRA1Residual - M1_CFRA1Aggregate,-0.010412283262961959,-0.010894139804139348,-0.009925904856021728,36,10000,paired_drug,fit-compound-OOF,H512Z128,2397264,True,True
K562,cross_cell_unseen,E,M2_CFRA1Residual - M0_RawAggregate,3.7300858191479264e-05,-0.0007301113261532376,0.0008585498738264622,36,10000,paired_drug,fit-compound-OOF,H512Z128,2397264,True,True
K562,cross_cell_unseen,E,M1_CFRA1Aggregate - M0_RawAggregate,-0.0025779203887809866,-0.0041119495285761665,-0.0010448263171544357,36,10000,paired_drug,fit-compound-OOF,H512Z128,2397264,True,True
K562,cross_cell_unseen,E,M2_CFRA1Residual - M1_CFRA1Aggregate,0.002615221246972466,0.0006157811121256893,0.0045898907993171725,36,10000,paired_drug,fit-compound-OOF,H512Z128,2397264,True,True
K562,cross_cell_unseen,held_pcc_A,M2_CFRA1Residual - M0_RawAggregate,-0.002468318275811005,-0.004315056923648033,-0.0005990620373778777,36,10000,paired_drug,fit-compound-OOF,H512Z128,2397264,True,True
K562,cross_cell_unseen,held_pcc_A,M1_CFRA1Aggregate - M0_RawAggregate,0.0027071514756741525,0.000209347660045654,0.00528316055097995,36,10000,paired_drug,fit-compound-OOF,H512Z128,2397264,True,True
K562,cross_cell_unseen,held_pcc_A,M2_CFRA1Residual - M1_CFRA1Aggregate,-0.005175469751485157,-0.009092492281474745,-0.0012834082723090787,36,10000,paired_drug,fit-compound-OOF,H512Z128,2397264,True,True
K562,cross_cell_unseen,held_pcc_B,M2_CFRA1Residual - M0_RawAggregate,-0.003628076408633755,-0.005133821060710063,-0.0021709567634496316,36,10000,paired_drug,fit-compound-OOF,H512Z128,2397264,True,True
K562,cross_cell_unseen,held_pcc_B,M1_CFRA1Aggregate - M0_RawAggregate,0.00678225733921036,0.004810660359964268,0.008652634075372678,36,10000,paired_drug,fit-compound-OOF,H512Z128,2397264,True,True
K562,cross_cell_unseen,held_pcc_B,M2_CFRA1Residual - M1_CFRA1Aggregate,-0.010410333747844117,-0.013029613786885937,-0.007641051601510539,36,10000,paired_drug,fit-compound-OOF,H512Z128,2397264,True,True
K562,cross_cell_unseen,delta_pcc,M2_CFRA1Residual - M0_RawAggregate,-0.004229338395339049,-0.005387543587296158,-0.0030233573849005,36,10000,paired_drug,fit-compound-OOF,H512Z128,2397264,True,True
K562,cross_cell_unseen,delta_pcc,M1_CFRA1Aggregate - M0_RawAggregate,0.006584842232761377,0.004631377336027159,0.008624984639433123,36,10000,paired_drug,fit-compound-OOF,H512Z128,2397264,True,True
K562,cross_cell_unseen,delta_pcc,M2_CFRA1Residual - M1_CFRA1Aggregate,-0.010814180628100427,-0.013420540706994506,-0.008189057818966033,36,10000,paired_drug,fit-compound-OOF,H512Z128,2397264,True,True
K562,cross_cell_unseen,full_target_pcc,M2_CFRA1Residual - M0_RawAggregate,-0.002715433923166798,-0.0028674509004908396,-0.002565511289585594,36,10000,paired_drug,fit-compound-OOF,H512Z128,2397264,True,True
K562,cross_cell_unseen,full_target_pcc,M1_CFRA1Aggregate - M0_RawAggregate,0.0038185839698345325,0.003653300897413432,0.003985059049893982,36,10000,paired_drug,fit-compound-OOF,H512Z128,2397264,True,True
K562,cross_cell_unseen,full_target_pcc,M2_CFRA1Residual - M1_CFRA1Aggregate,-0.0065340178930013305,-0.006800955974162539,-0.006274434789508949,36,10000,paired_drug,fit-compound-OOF,H512Z128,2397264,True,True
K562,cross_cell_unseen,raw_target_mse,M2_CFRA1Residual - M0_RawAggregate,0.01061725878605136,0.009991684155883617,0.011255683501561474,36,10000,paired_drug,fit-compound-OOF,H512Z128,2397264,True,True
K562,cross_cell_unseen,raw_target_mse,M1_CFRA1Aggregate - M0_RawAggregate,-0.010515869767577561,-0.011345548648387193,-0.00972751134799587,36,10000,paired_drug,fit-compound-OOF,H512Z128,2397264,True,True
K562,cross_cell_unseen,raw_target_mse,M2_CFRA1Residual - M1_CFRA1Aggregate,0.02113312855362892,0.020029703162058637,0.022220073730029436,36,10000,paired_drug,fit-compound-OOF,H512Z128,2397264,True,True
K562,own_cell_unseen,A,M2_CFRA1Residual - M0_RawAggregate,-5.8665592264749e-05,-0.0015530222745134676,0.0013388451025394086,36,10000,paired_drug,fit-compound-OOF,H512Z128,2397264,True,True
K562,own_cell_unseen,A,M1_CFRA1Aggregate - M0_RawAggregate,-0.15669314672505327,-0.16139333269075778,-0.15181943732494013,36,10000,paired_drug,fit-compound-OOF,H512Z128,2397264,True,True
K562,own_cell_unseen,A,M2_CFRA1Residual - M1_CFRA1Aggregate,0.15663448113278855,0.15106003235712556,0.16193636067744596,36,10000,paired_drug,fit-compound-OOF,H512Z128,2397264,True,True
K562,own_cell_unseen,z_same_F,M2_CFRA1Residual - M0_RawAggregate,-5.8665592264749e-05,-0.001568840701673614,0.0013055617789472392,36,10000,paired_drug,fit-compound-OOF,H512Z128,2397264,True,True
K562,own_cell_unseen,z_same_F,M1_CFRA1Aggregate - M0_RawAggregate,-0.15669314672505327,-0.161554215253857,-0.15185018422201638,36,10000,paired_drug,fit-compound-OOF,H512Z128,2397264,True,True
K562,own_cell_unseen,z_same_F,M2_CFRA1Residual - M1_CFRA1Aggregate,0.15663448113278855,0.15105655670490287,0.1618496078256226,36,10000,paired_drug,fit-compound-OOF,H512Z128,2397264,True,True
K562,own_cell_unseen,z_foreign_F,M2_CFRA1Residual - M0_RawAggregate,0.004372795416726511,0.003565189990480756,0.0050975349755324195,36,10000,paired_drug,fit-compound-OOF,H512Z128,2397264,True,True
K562,own_cell_unseen,z_foreign_F,M1_CFRA1Aggregate - M0_RawAggregate,-0.043441006781796486,-0.04613789428994774,-0.04050768022526501,36,10000,paired_drug,fit-compound-OOF,H512Z128,2397264,True,True
K562,own_cell_unseen,z_foreign_F,M2_CFRA1Residual - M1_CFRA1Aggregate,0.04781380219852299,0.04443597538516084,0.05090414433039244,36,10000,paired_drug,fit-compound-OOF,H512Z128,2397264,True,True
K562,own_cell_unseen,E,M2_CFRA1Residual - M0_RawAggregate,-0.0044314610089912655,-0.005448781219518343,-0.0033196326460977546,36,10000,paired_drug,fit-compound-OOF,H512Z128,2397264,True,True
K562,own_cell_unseen,E,M1_CFRA1Aggregate - M0_RawAggregate,-0.11325213994325677,-0.1167307338167831,-0.10972379957307074,36,10000,paired_drug,fit-compound-OOF,H512Z128,2397264,True,True
K562,own_cell_unseen,E,M2_CFRA1Residual - M1_CFRA1Aggregate,0.10882067893426552,0.10513326963535675,0.11243218866805864,36,10000,paired_drug,fit-compound-OOF,H512Z128,2397264,True,True
K562,own_cell_unseen,held_pcc_A,M2_CFRA1Residual - M0_RawAggregate,0.005486103741251577,0.002043131116115342,0.009035592919763925,36,10000,paired_drug,fit-compound-OOF,H512Z128,2397264,True,True
K562,own_cell_unseen,held_pcc_A,M1_CFRA1Aggregate - M0_RawAggregate,-0.13296332954434406,-0.1391178527233237,-0.12671905375990553,36,10000,paired_drug,fit-compound-OOF,H512Z128,2397264,True,True
K562,own_cell_unseen,held_pcc_A,M2_CFRA1Residual - M1_CFRA1Aggregate,0.13844943328559564,0.1314729196704222,0.14483382733425915,36,10000,paired_drug,fit-compound-OOF,H512Z128,2397264,True,True
K562,own_cell_unseen,held_pcc_B,M2_CFRA1Residual - M0_RawAggregate,-0.005202941025880546,-0.009140936459284607,-0.0016773676580221877,36,10000,paired_drug,fit-compound-OOF,H512Z128,2397264,True,True
K562,own_cell_unseen,held_pcc_B,M1_CFRA1Aggregate - M0_RawAggregate,-0.13463887848672806,-0.1401603963920536,-0.12954015123877277,36,10000,paired_drug,fit-compound-OOF,H512Z128,2397264,True,True
K562,own_cell_unseen,held_pcc_B,M2_CFRA1Residual - M1_CFRA1Aggregate,0.12943593746084753,0.12334399344956701,0.1356706884017711,36,10000,paired_drug,fit-compound-OOF,H512Z128,2397264,True,True
K562,own_cell_unseen,delta_pcc,M2_CFRA1Residual - M0_RawAggregate,0.00020365259330187537,-0.0015584770287121066,0.0018449077468369799,36,10000,paired_drug,fit-compound-OOF,H512Z128,2397264,True,True
K562,own_cell_unseen,delta_pcc,M1_CFRA1Aggregate - M0_RawAggregate,-0.18998887995365138,-0.19553542295265253,-0.1841117909464168,36,10000,paired_drug,fit-compound-OOF,H512Z128,2397264,True,True
K562,own_cell_unseen,delta_pcc,M2_CFRA1Residual - M1_CFRA1Aggregate,0.19019253254695323,0.18386038386055953,0.19637018913039792,36,10000,paired_drug,fit-compound-OOF,H512Z128,2397264,True,True
K562,own_cell_unseen,full_target_pcc,M2_CFRA1Residual - M0_RawAggregate,-0.0005463064244865226,-0.0027107294047419373,0.0013137165947047843,36,10000,paired_drug,fit-compound-OOF,H512Z128,2397264,True,True
K562,own_cell_unseen,full_target_pcc,M1_CFRA1Aggregate - M0_RawAggregate,-0.13012265828359074,-0.13552271987478867,-0.12444151128010705,36,10000,paired_drug,fit-compound-OOF,H512Z128,2397264,True,True
K562,own_cell_unseen,full_target_pcc,M2_CFRA1Residual - M1_CFRA1Aggregate,0.12957635185910418,0.12306826535484171,0.13578290328549952,36,10000,paired_drug,fit-compound-OOF,H512Z128,2397264,True,True
K562,own_cell_unseen,raw_target_mse,M2_CFRA1Residual - M0_RawAggregate,0.0008963201608922747,-0.0013342884058753642,0.0034258346901171795,36,10000,paired_drug,fit-compound-OOF,H512Z128,2397264,True,True
K562,own_cell_unseen,raw_target_mse,M1_CFRA1Aggregate - M0_RawAggregate,0.21849736516122464,0.21024990355319997,0.22671110746278253,36,10000,paired_drug,fit-compound-OOF,H512Z128,2397264,True,True
K562,own_cell_unseen,raw_target_mse,M2_CFRA1Residual - M1_CFRA1Aggregate,-0.2176010450003324,-0.22682448620735493,-0.2083184998172025,36,10000,paired_drug,fit-compound-OOF,H512Z128,2397264,True,True
MCF7,cross_cell_seen,A,M2_CFRA1Residual - M0_RawAggregate,-0.001663177019342489,-0.0022106541458562085,-0.0011181554666855414,183,10000,paired_drug,fit-compound-OOF,H512Z128,2397264,True,True
MCF7,cross_cell_seen,A,M1_CFRA1Aggregate - M0_RawAggregate,-2.7788842275303027e-05,-0.0012795991527664635,0.0011692137092525834,183,10000,paired_drug,fit-compound-OOF,H512Z128,2397264,True,True
MCF7,cross_cell_seen,A,M2_CFRA1Residual - M1_CFRA1Aggregate,-0.001635388177067186,-0.0029681110523924574,-0.0002767441467078849,183,10000,paired_drug,fit-compound-OOF,H512Z128,2397264,True,True
MCF7,cross_cell_seen,z_same_F,M2_CFRA1Residual - M0_RawAggregate,-0.001663177019342489,-0.0022063402002923003,-0.0011191570930322548,183,10000,paired_drug,fit-compound-OOF,H512Z128,2397264,True,True
MCF7,cross_cell_seen,z_same_F,M1_CFRA1Aggregate - M0_RawAggregate,-2.7788842275303027e-05,-0.0012651610716033841,0.0011945637229386391,183,10000,paired_drug,fit-compound-OOF,H512Z128,2397264,True,True
MCF7,cross_cell_seen,z_same_F,M2_CFRA1Residual - M1_CFRA1Aggregate,-0.001635388177067186,-0.0029600795006016695,-0.00019694510052882305,183,10000,paired_drug,fit-compound-OOF,H512Z128,2397264,True,True
MCF7,cross_cell_seen,z_foreign_F,M2_CFRA1Residual - M0_RawAggregate,-0.0013577418919018978,-0.0014213710153578346,-0.0012939673397467232,183,10000,paired_drug,fit-compound-OOF,H512Z128,2397264,True,True
MCF7,cross_cell_seen,z_foreign_F,M1_CFRA1Aggregate - M0_RawAggregate,0.002533359720695738,0.002452087206786163,0.0026114905116232726,183,10000,paired_drug,fit-compound-OOF,H512Z128,2397264,True,True
MCF7,cross_cell_seen,z_foreign_F,M2_CFRA1Residual - M1_CFRA1Aggregate,-0.0038911016125976355,-0.003996580051748841,-0.0037835223393294787,183,10000,paired_drug,fit-compound-OOF,H512Z128,2397264,True,True
MCF7,cross_cell_seen,E,M2_CFRA1Residual - M0_RawAggregate,-0.00030543512744059107,-0.000847630840634156,0.00024284126584927273,183,10000,paired_drug,fit-compound-OOF,H512Z128,2397264,True,True
MCF7,cross_cell_seen,E,M1_CFRA1Aggregate - M0_RawAggregate,-0.0025611485629710414,-0.0037919300694718456,-0.001377047900409372,183,10000,paired_drug,fit-compound-OOF,H512Z128,2397264,True,True
MCF7,cross_cell_seen,E,M2_CFRA1Residual - M1_CFRA1Aggregate,0.00225571343553045,0.00094391705030272,0.003636405677375903,183,10000,paired_drug,fit-compound-OOF,H512Z128,2397264,True,True
MCF7,cross_cell_seen,held_pcc_A,M2_CFRA1Residual - M0_RawAggregate,-0.0027422904046939048,-0.0035497749196054308,-0.0019169947922858925,183,10000,paired_drug,fit-compound-OOF,H512Z128,2397264,True,True
MCF7,cross_cell_seen,held_pcc_A,M1_CFRA1Aggregate - M0_RawAggregate,0.0013127146306542222,-0.00012702704760226,0.0027201245161726784,183,10000,paired_drug,fit-compound-OOF,H512Z128,2397264,True,True
MCF7,cross_cell_seen,held_pcc_A,M2_CFRA1Residual - M1_CFRA1Aggregate,-0.004055005035348128,-0.005530143765416902,-0.002437955167583998,183,10000,paired_drug,fit-compound-OOF,H512Z128,2397264,True,True
MCF7,cross_cell_seen,held_pcc_B,M2_CFRA1Residual - M0_RawAggregate,-0.000581982472039926,-0.0013887866790657025,0.00023190905207669542,183,10000,paired_drug,fit-compound-OOF,H512Z128,2397264,True,True
MCF7,cross_cell_seen,held_pcc_B,M1_CFRA1Aggregate - M0_RawAggregate,-0.0013688768621020518,-0.0028323992497836085,1.175443893648714e-06,183,10000,paired_drug,fit-compound-OOF,H512Z128,2397264,True,True
MCF7,cross_cell_seen,held_pcc_B,M2_CFRA1Residual - M1_CFRA1Aggregate,0.0007868943900621257,-0.0008159927963988489,0.0024134133080310925,183,10000,paired_drug,fit-compound-OOF,H512Z128,2397264,True,True
MCF7,cross_cell_seen,delta_pcc,M2_CFRA1Residual - M0_RawAggregate,-0.0025712418127727425,-0.0033282644911179805,-0.0018156048846279514,183,10000,paired_drug,fit-compound-OOF,H512Z128,2397264,True,True
MCF7,cross_cell_seen,delta_pcc,M1_CFRA1Aggregate - M0_RawAggregate,0.000404668209337665,-0.0012367860313828778,0.002022694274397506,183,10000,paired_drug,fit-compound-OOF,H512Z128,2397264,True,True
MCF7,cross_cell_seen,delta_pcc,M2_CFRA1Residual - M1_CFRA1Aggregate,-0.0029759100221104073,-0.004693170781397732,-0.0011385686002955047,183,10000,paired_drug,fit-compound-OOF,H512Z128,2397264,True,True
MCF7,cross_cell_seen,full_target_pcc,M2_CFRA1Residual - M0_RawAggregate,-0.0004414359343291484,-0.0006157410454470997,-0.000272089475831555,183,10000,paired_drug,fit-compound-OOF,H512Z128,2397264,True,True
MCF7,cross_cell_seen,full_target_pcc,M1_CFRA1Aggregate - M0_RawAggregate,0.011539181622536835,0.01130399867112783,0.011765636875890828,183,10000,paired_drug,fit-compound-OOF,H512Z128,2397264,True,True
MCF7,cross_cell_seen,full_target_pcc,M2_CFRA1Residual - M1_CFRA1Aggregate,-0.011980617556865981,-0.012235590057275201,-0.011715059724058906,183,10000,paired_drug,fit-compound-OOF,H512Z128,2397264,True,True
MCF7,cross_cell_seen,raw_target_mse,M2_CFRA1Residual - M0_RawAggregate,-0.0004786762437750954,-0.001025371797864609,6.758191780558647e-05,183,10000,paired_drug,fit-compound-OOF,H512Z128,2397264,True,True
MCF7,cross_cell_seen,raw_target_mse,M1_CFRA1Aggregate - M0_RawAggregate,-0.04187180004158958,-0.04271941471722771,-0.04097455644976681,183,10000,paired_drug,fit-compound-OOF,H512Z128,2397264,True,True
MCF7,cross_cell_seen,raw_target_mse,M2_CFRA1Residual - M1_CFRA1Aggregate,0.04139312379781449,0.04049901177187218,0.04228497609760755,183,10000,paired_drug,fit-compound-OOF,H512Z128,2397264,True,True
MCF7,cross_cell_unseen,A,M2_CFRA1Residual - M0_RawAggregate,-0.0018480127739854417,-0.003171209099136653,-0.00041577418823257503,36,10000,paired_drug,fit-compound-OOF,H512Z128,2397264,True,True
MCF7,cross_cell_unseen,A,M1_CFRA1Aggregate - M0_RawAggregate,0.0014606423032266765,-0.00018673720281938346,0.0030243380228750514,36,10000,paired_drug,fit-compound-OOF,H512Z128,2397264,True,True
MCF7,cross_cell_unseen,A,M2_CFRA1Residual - M1_CFRA1Aggregate,-0.003308655077212118,-0.005426499169241571,-0.00107027816490751,36,10000,paired_drug,fit-compound-OOF,H512Z128,2397264,True,True
MCF7,cross_cell_unseen,z_same_F,M2_CFRA1Residual - M0_RawAggregate,-0.0018480127739854417,-0.0031416360677414836,-0.0003717179456801792,36,10000,paired_drug,fit-compound-OOF,H512Z128,2397264,True,True
MCF7,cross_cell_unseen,z_same_F,M1_CFRA1Aggregate - M0_RawAggregate,0.0014606423032266765,-0.0001563658102472165,0.0030706493881027014,36,10000,paired_drug,fit-compound-OOF,H512Z128,2397264,True,True
MCF7,cross_cell_unseen,z_same_F,M2_CFRA1Residual - M1_CFRA1Aggregate,-0.003308655077212118,-0.005427072269620743,-0.0010759070766892759,36,10000,paired_drug,fit-compound-OOF,H512Z128,2397264,True,True
MCF7,cross_cell_unseen,z_foreign_F,M2_CFRA1Residual - M0_RawAggregate,-0.0010863281007647892,-0.0012022955500659983,-0.0009614917113943971,36,10000,paired_drug,fit-compound-OOF,H512Z128,2397264,True,True
MCF7,cross_cell_unseen,z_foreign_F,M1_CFRA1Aggregate - M0_RawAggregate,0.0024625429829237665,0.002352314694258374,0.002579499494714359,36,10000,paired_drug,fit-compound-OOF,H512Z128,2397264,True,True
MCF7,cross_cell_unseen,z_foreign_F,M2_CFRA1Residual - M1_CFRA1Aggregate,-0.003548871083688556,-0.003756069774665804,-0.0033347358593276534,36,10000,paired_drug,fit-compound-OOF,H512Z128,2397264,True,True
MCF7,cross_cell_unseen,E,M2_CFRA1Residual - M0_RawAggregate,-0.0007616846732206527,-0.0020821699969012985,0.0007257356134656131,36,10000,paired_drug,fit-compound-OOF,H512Z128,2397264,True,True
MCF7,cross_cell_unseen,E,M1_CFRA1Aggregate - M0_RawAggregate,-0.0010019006796970899,-0.0026290487663811423,0.0006605937122835216,36,10000,paired_drug,fit-compound-OOF,H512Z128,2397264,True,True
MCF7,cross_cell_unseen,E,M2_CFRA1Residual - M1_CFRA1Aggregate,0.00024021600647643708,-0.0018908232421264402,0.0025493502772943838,36,10000,paired_drug,fit-compound-OOF,H512Z128,2397264,True,True
MCF7,cross_cell_unseen,held_pcc_A,M2_CFRA1Residual - M0_RawAggregate,-0.0038831844881570326,-0.0058105655316949304,-0.0017750522565532028,36,10000,paired_drug,fit-compound-OOF,H512Z128,2397264,True,True
MCF7,cross_cell_unseen,held_pcc_A,M1_CFRA1Aggregate - M0_RawAggregate,0.0028732999350124344,0.0006095984869315148,0.0052032784067313105,36,10000,paired_drug,fit-compound-OOF,H512Z128,2397264,True,True
MCF7,cross_cell_unseen,held_pcc_A,M2_CFRA1Residual - M1_CFRA1Aggregate,-0.006756484423169468,-0.009574298508250888,-0.003759327559111605,36,10000,paired_drug,fit-compound-OOF,H512Z128,2397264,True,True
MCF7,cross_cell_unseen,held_pcc_B,M2_CFRA1Residual - M0_RawAggregate,0.00018915950361313158,-0.0018368666469722008,0.0021570058876632125,36,10000,paired_drug,fit-compound-OOF,H512Z128,2397264,True,True
MCF7,cross_cell_unseen,held_pcc_B,M1_CFRA1Aggregate - M0_RawAggregate,4.621026745005602e-05,-0.001964316002493391,0.001982598671923584,36,10000,paired_drug,fit-compound-OOF,H512Z128,2397264,True,True
MCF7,cross_cell_unseen,held_pcc_B,M2_CFRA1Residual - M1_CFRA1Aggregate,0.00014294923616307582,-0.0028356271410141477,0.0031990160593776194,36,10000,paired_drug,fit-compound-OOF,H512Z128,2397264,True,True
MCF7,cross_cell_unseen,delta_pcc,M2_CFRA1Residual - M0_RawAggregate,-0.003051434887023923,-0.004814351505677028,-0.0010398600830819962,36,10000,paired_drug,fit-compound-OOF,H512Z128,2397264,True,True
MCF7,cross_cell_unseen,delta_pcc,M1_CFRA1Aggregate - M0_RawAggregate,0.0022341137097356203,-4.764033636771494e-05,0.0045227744028925035,36,10000,paired_drug,fit-compound-OOF,H512Z128,2397264,True,True
MCF7,cross_cell_unseen,delta_pcc,M2_CFRA1Residual - M1_CFRA1Aggregate,-0.005285548596759542,-0.008265605305745249,-0.002058027914027008,36,10000,paired_drug,fit-compound-OOF,H512Z128,2397264,True,True
MCF7,cross_cell_unseen,full_target_pcc,M2_CFRA1Residual - M0_RawAggregate,-0.001790072590585578,-0.001996885896390969,-0.0015827695527449778,36,10000,paired_drug,fit-compound-OOF,H512Z128,2397264,True,True
MCF7,cross_cell_unseen,full_target_pcc,M1_CFRA1Aggregate - M0_RawAggregate,0.010288347966116848,0.010024368411578678,0.010550643555826343,36,10000,paired_drug,fit-compound-OOF,H512Z128,2397264,True,True
MCF7,cross_cell_unseen,full_target_pcc,M2_CFRA1Residual - M1_CFRA1Aggregate,-0.012078420556702425,-0.012396073230001654,-0.011779180971414917,36,10000,paired_drug,fit-compound-OOF,H512Z128,2397264,True,True
MCF7,cross_cell_unseen,raw_target_mse,M2_CFRA1Residual - M0_RawAggregate,0.003001991107507989,0.0023811608440829145,0.0036058103131061344,36,10000,paired_drug,fit-compound-OOF,H512Z128,2397264,True,True
MCF7,cross_cell_unseen,raw_target_mse,M1_CFRA1Aggregate - M0_RawAggregate,-0.037528188864665996,-0.03856454396068498,-0.0364768497818322,36,10000,paired_drug,fit-compound-OOF,H512Z128,2397264,True,True
MCF7,cross_cell_unseen,raw_target_mse,M2_CFRA1Residual - M1_CFRA1Aggregate,0.04053017997217399,0.03940193427174732,0.041680441525143885,36,10000,paired_drug,fit-compound-OOF,H512Z128,2397264,True,True
MCF7,own_cell_unseen,A,M2_CFRA1Residual - M0_RawAggregate,0.006051788016461817,0.004843329572934655,0.007362559761982181,36,10000,paired_drug,fit-compound-OOF,H512Z128,2397264,True,True
MCF7,own_cell_unseen,A,M1_CFRA1Aggregate - M0_RawAggregate,-0.1508767739070685,-0.15608393981542193,-0.14587555076870737,36,10000,paired_drug,fit-compound-OOF,H512Z128,2397264,True,True
MCF7,own_cell_unseen,A,M2_CFRA1Residual - M1_CFRA1Aggregate,0.1569285619235303,0.15221818961793004,0.16202873791821754,36,10000,paired_drug,fit-compound-OOF,H512Z128,2397264,True,True
MCF7,own_cell_unseen,z_same_F,M2_CFRA1Residual - M0_RawAggregate,0.006051788016461817,0.0048508706507618396,0.007329880673513662,36,10000,paired_drug,fit-compound-OOF,H512Z128,2397264,True,True
MCF7,own_cell_unseen,z_same_F,M1_CFRA1Aggregate - M0_RawAggregate,-0.1508767739070685,-0.15624456692175206,-0.1458390165270326,36,10000,paired_drug,fit-compound-OOF,H512Z128,2397264,True,True
MCF7,own_cell_unseen,z_same_F,M2_CFRA1Residual - M1_CFRA1Aggregate,0.1569285619235303,0.15238443583085434,0.16189351458138532,36,10000,paired_drug,fit-compound-OOF,H512Z128,2397264,True,True
MCF7,own_cell_unseen,z_foreign_F,M2_CFRA1Residual - M0_RawAggregate,0.005557833236508685,0.004775826144090139,0.006286256178427115,36,10000,paired_drug,fit-compound-OOF,H512Z128,2397264,True,True
MCF7,own_cell_unseen,z_foreign_F,M1_CFRA1Aggregate - M0_RawAggregate,-0.044080314895594074,-0.046667853982660074,-0.04128783220164951,36,10000,paired_drug,fit-compound-OOF,H512Z128,2397264,True,True
MCF7,own_cell_unseen,z_foreign_F,M2_CFRA1Residual - M1_CFRA1Aggregate,0.04963814813210275,0.04666837720615044,0.052420449043760364,36,10000,paired_drug,fit-compound-OOF,H512Z128,2397264,True,True
MCF7,own_cell_unseen,E,M2_CFRA1Residual - M0_RawAggregate,0.0004939547799531393,-0.0007541581749985468,0.0018677362026125611,36,10000,paired_drug,fit-compound-OOF,H512Z128,2397264,True,True
MCF7,own_cell_unseen,E,M1_CFRA1Aggregate - M0_RawAggregate,-0.10679645901147444,-0.11104669224112773,-0.10285707755929373,36,10000,paired_drug,fit-compound-OOF,H512Z128,2397264,True,True
MCF7,own_cell_unseen,E,M2_CFRA1Residual - M1_CFRA1Aggregate,0.10729041379142756,0.10351136169817896,0.11149129458717932,36,10000,paired_drug,fit-compound-OOF,H512Z128,2397264,True,True
MCF7,own_cell_unseen,held_pcc_A,M2_CFRA1Residual - M0_RawAggregate,-0.014370379401578629,-0.01726029500086858,-0.011167430893826642,36,10000,paired_drug,fit-compound-OOF,H512Z128,2397264,True,True
MCF7,own_cell_unseen,held_pcc_A,M1_CFRA1Aggregate - M0_RawAggregate,-0.18225013347809874,-0.19207111224627582,-0.17214241699320487,36,10000,paired_drug,fit-compound-OOF,H512Z128,2397264,True,True
MCF7,own_cell_unseen,held_pcc_A,M2_CFRA1Residual - M1_CFRA1Aggregate,0.16787975407652012,0.15869925165965607,0.17653763862753374,36,10000,paired_drug,fit-compound-OOF,H512Z128,2397264,True,True
MCF7,own_cell_unseen,held_pcc_B,M2_CFRA1Residual - M0_RawAggregate,0.02938047314503399,0.02488781846039291,0.033739480854190027,36,10000,paired_drug,fit-compound-OOF,H512Z128,2397264,True,True
MCF7,own_cell_unseen,held_pcc_B,M1_CFRA1Aggregate - M0_RawAggregate,-0.06519388850980724,-0.0764678412561875,-0.05365189695080947,36,10000,paired_drug,fit-compound-OOF,H512Z128,2397264,True,True
MCF7,own_cell_unseen,held_pcc_B,M2_CFRA1Residual - M1_CFRA1Aggregate,0.09457436165484122,0.08500716709697216,0.10419196545331598,36,10000,paired_drug,fit-compound-OOF,H512Z128,2397264,True,True
MCF7,own_cell_unseen,delta_pcc,M2_CFRA1Residual - M0_RawAggregate,0.006512136509132811,0.005204788216444918,0.007878777940812378,36,10000,paired_drug,fit-compound-OOF,H512Z128,2397264,True,True
MCF7,own_cell_unseen,delta_pcc,M1_CFRA1Aggregate - M0_RawAggregate,-0.1828930906965004,-0.18847485177952195,-0.17760307156481406,36,10000,paired_drug,fit-compound-OOF,H512Z128,2397264,True,True
MCF7,own_cell_unseen,delta_pcc,M2_CFRA1Residual - M1_CFRA1Aggregate,0.1894052272056332,0.18452769418940246,0.19505611034982656,36,10000,paired_drug,fit-compound-OOF,H512Z128,2397264,True,True
MCF7,own_cell_unseen,full_target_pcc,M2_CFRA1Residual - M0_RawAggregate,0.003816924255237059,0.0030526908666072662,0.004625367090401835,36,10000,paired_drug,fit-compound-OOF,H512Z128,2397264,True,True
MCF7,own_cell_unseen,full_target_pcc,M1_CFRA1Aggregate - M0_RawAggregate,-0.08620907213378325,-0.09069052658021359,-0.08185951631200673,36,10000,paired_drug,fit-compound-OOF,H512Z128,2397264,True,True
MCF7,own_cell_unseen,full_target_pcc,M2_CFRA1Residual - M1_CFRA1Aggregate,0.09002599638902033,0.08604192449272534,0.09414170664108508,36,10000,paired_drug,fit-compound-OOF,H512Z128,2397264,True,True
MCF7,own_cell_unseen,raw_target_mse,M2_CFRA1Residual - M0_RawAggregate,-0.0020843540076856274,-0.0025436270231795005,-0.001642310901338028,36,10000,paired_drug,fit-compound-OOF,H512Z128,2397264,True,True
MCF7,own_cell_unseen,raw_target_mse,M1_CFRA1Aggregate - M0_RawAggregate,0.058107927096662695,0.05508138835861313,0.06127593509456212,36,10000,paired_drug,fit-compound-OOF,H512Z128,2397264,True,True
MCF7,own_cell_unseen,raw_target_mse,M2_CFRA1Residual - M1_CFRA1Aggregate,-0.06019228110434833,-0.06319460245194258,-0.05732528377600289,36,10000,paired_drug,fit-compound-OOF,H512Z128,2397264,True,True
