compound,method,dose_uM,distance_1_minus_PCC_to_lowest,normalization_max,relative_morphological_distance
BRD-K26619122,reference,0.04,0,1.30316427807,0
BRD-K26619122,reference,0.12,0.304358023005,1.30316427807,0.233553073951
BRD-K26619122,reference,0.37,0.494215450452,1.30316427807,0.379242631777
BRD-K26619122,reference,1.11,0.747966732054,1.30316427807,0.573961966762
BRD-K26619122,reference,3.33,0.918721266591,1.30316427807,0.704992672108
BRD-K26619122,reference,10,1.30316427807,1.30316427807,1
BRD-K26619122,raw,0.04,0,1.23944600933,0
BRD-K26619122,raw,0.12,0.897626428443,1.23944600933,0.724215836497
BRD-K26619122,raw,0.37,1.03508929828,1.23944600933,0.835122539007
BRD-K26619122,raw,1.11,1.23944600933,1.23944600933,1
BRD-K26619122,raw,3.33,0.901769068316,1.23944600933,0.727558168347
BRD-K26619122,raw,10,1.07646254464,1.23944600933,0.868502973536
BRD-K26619122,teacher,0.04,0,1.26625563546,0
BRD-K26619122,teacher,0.12,0.238544536718,1.26625563546,0.188385765116
BRD-K26619122,teacher,0.37,0.24616374102,1.26625563546,0.19440287895
BRD-K26619122,teacher,1.11,0.45840781755,1.26625563546,0.362018382949
BRD-K26619122,teacher,3.33,0.437674764897,1.26625563546,0.345644870309
BRD-K26619122,teacher,10,1.26625563546,1.26625563546,1
BRD-K26619122,posterior,0.04,0,1.3458091536,0
BRD-K26619122,posterior,0.12,0.175884263561,1.3458091536,0.130690345723
BRD-K26619122,posterior,0.37,0.261029682672,1.3458091536,0.193957428491
BRD-K26619122,posterior,1.11,0.386051200545,1.3458091536,0.286854342989
BRD-K26619122,posterior,3.33,0.450787536669,1.3458091536,0.334956509593
BRD-K26619122,posterior,10,1.3458091536,1.3458091536,1
