compound,method,seed,support_rotation,dose_uM,mitochondrial_RMS_z
BRD-K26619122,reference,3407,0,0.04,0.448778837919
BRD-K26619122,reference,3407,0,0.12,0.789428651333
BRD-K26619122,reference,3407,0,0.37,0.861675798893
BRD-K26619122,reference,3407,0,1.11,0.798064053059
BRD-K26619122,reference,3407,0,3.33,0.952562093735
BRD-K26619122,reference,3407,0,10,1.35758829117
BRD-K26619122,reference,3407,1,0.04,0.537428855896
BRD-K26619122,reference,3407,1,0.12,0.599139809608
BRD-K26619122,reference,3407,1,0.37,0.716031968594
BRD-K26619122,reference,3407,1,1.11,0.655164301395
BRD-K26619122,reference,3407,1,3.33,0.706382811069
BRD-K26619122,reference,3407,1,10,1.32255733013
BRD-K26619122,reference,42,0,0.04,0.448778837919
BRD-K26619122,reference,42,0,0.12,0.789428651333
BRD-K26619122,reference,42,0,0.37,0.861675798893
BRD-K26619122,reference,42,0,1.11,0.798064053059
BRD-K26619122,reference,42,0,3.33,0.952562093735
BRD-K26619122,reference,42,0,10,1.35758829117
BRD-K26619122,reference,42,1,0.04,0.537428855896
BRD-K26619122,reference,42,1,0.12,0.599139809608
BRD-K26619122,reference,42,1,0.37,0.716031968594
BRD-K26619122,reference,42,1,1.11,0.655164301395
BRD-K26619122,reference,42,1,3.33,0.706382811069
BRD-K26619122,reference,42,1,10,1.32255733013
BRD-K26619122,reference,2025,0,0.04,0.448778837919
BRD-K26619122,reference,2025,0,0.12,0.789428651333
BRD-K26619122,reference,2025,0,0.37,0.861675798893
BRD-K26619122,reference,2025,0,1.11,0.798064053059
BRD-K26619122,reference,2025,0,3.33,0.952562093735
BRD-K26619122,reference,2025,0,10,1.35758829117
BRD-K26619122,reference,2025,1,0.04,0.537428855896
BRD-K26619122,reference,2025,1,0.12,0.599139809608
BRD-K26619122,reference,2025,1,0.37,0.716031968594
BRD-K26619122,reference,2025,1,1.11,0.655164301395
BRD-K26619122,reference,2025,1,3.33,0.706382811069
BRD-K26619122,reference,2025,1,10,1.32255733013
BRD-K26619122,raw,3407,0,0.04,1.05449354649
BRD-K26619122,raw,3407,0,0.12,0.527590811253
BRD-K26619122,raw,3407,0,0.37,0.852863371372
BRD-K26619122,raw,3407,0,1.11,0.616527020931
BRD-K26619122,raw,3407,0,3.33,0.687288403511
BRD-K26619122,raw,3407,0,10,1.30974924564
BRD-K26619122,raw,3407,1,0.04,1.09804093838
BRD-K26619122,raw,3407,1,0.12,1.21887302399
BRD-K26619122,raw,3407,1,0.37,0.851293444633
BRD-K26619122,raw,3407,1,1.11,1.01365995407
BRD-K26619122,raw,3407,1,3.33,1.04800033569
BRD-K26619122,raw,3407,1,10,1.58149039745
BRD-K26619122,raw,42,0,0.04,1.05449354649
BRD-K26619122,raw,42,0,0.12,0.527590811253
BRD-K26619122,raw,42,0,0.37,0.852863371372
BRD-K26619122,raw,42,0,1.11,0.616527020931
BRD-K26619122,raw,42,0,3.33,0.687288403511
BRD-K26619122,raw,42,0,10,1.30974924564
BRD-K26619122,raw,42,1,0.04,1.09804093838
BRD-K26619122,raw,42,1,0.12,1.21887302399
BRD-K26619122,raw,42,1,0.37,0.851293444633
BRD-K26619122,raw,42,1,1.11,1.01365995407
BRD-K26619122,raw,42,1,3.33,1.04800033569
BRD-K26619122,raw,42,1,10,1.58149039745
BRD-K26619122,raw,2025,0,0.04,1.05449354649
BRD-K26619122,raw,2025,0,0.12,0.527590811253
BRD-K26619122,raw,2025,0,0.37,0.852863371372
BRD-K26619122,raw,2025,0,1.11,0.616527020931
BRD-K26619122,raw,2025,0,3.33,0.687288403511
BRD-K26619122,raw,2025,0,10,1.30974924564
BRD-K26619122,raw,2025,1,0.04,1.09804093838
BRD-K26619122,raw,2025,1,0.12,1.21887302399
BRD-K26619122,raw,2025,1,0.37,0.851293444633
BRD-K26619122,raw,2025,1,1.11,1.01365995407
BRD-K26619122,raw,2025,1,3.33,1.04800033569
BRD-K26619122,raw,2025,1,10,1.58149039745
BRD-K26619122,teacher,3407,0,0.04,0.46788340807
BRD-K26619122,teacher,3407,0,0.12,0.402598470449
BRD-K26619122,teacher,3407,0,0.37,0.616598546505
BRD-K26619122,teacher,3407,0,1.11,0.265544891357
BRD-K26619122,teacher,3407,0,3.33,0.336115866899
BRD-K26619122,teacher,3407,0,10,1.27949678898
BRD-K26619122,teacher,3407,1,0.04,0.225642398
BRD-K26619122,teacher,3407,1,0.12,0.367903769016
BRD-K26619122,teacher,3407,1,0.37,0.255248397589
BRD-K26619122,teacher,3407,1,1.11,0.365697950125
BRD-K26619122,teacher,3407,1,3.33,0.393528461456
BRD-K26619122,teacher,3407,1,10,1.09400522709
BRD-K26619122,teacher,42,0,0.04,0.39926853776
BRD-K26619122,teacher,42,0,0.12,0.352450639009
BRD-K26619122,teacher,42,0,0.37,0.477725088596
BRD-K26619122,teacher,42,0,1.11,0.292383104563
BRD-K26619122,teacher,42,0,3.33,0.367857247591
BRD-K26619122,teacher,42,0,10,1.37561583519
BRD-K26619122,teacher,42,1,0.04,0.185025274754
BRD-K26619122,teacher,42,1,0.12,0.310463070869
BRD-K26619122,teacher,42,1,0.37,0.246174693108
BRD-K26619122,teacher,42,1,1.11,0.296518206596
BRD-K26619122,teacher,42,1,3.33,0.249440699816
BRD-K26619122,teacher,42,1,10,1.11394608021
BRD-K26619122,teacher,2025,0,0.04,0.457245022058
BRD-K26619122,teacher,2025,0,0.12,0.368138462305
BRD-K26619122,teacher,2025,0,0.37,0.653022527695
BRD-K26619122,teacher,2025,0,1.11,0.251884043217
BRD-K26619122,teacher,2025,0,3.33,0.316140502691
BRD-K26619122,teacher,2025,0,10,1.28556013107
BRD-K26619122,teacher,2025,1,0.04,0.176820263267
BRD-K26619122,teacher,2025,1,0.12,0.303684681654
BRD-K26619122,teacher,2025,1,0.37,0.211309120059
BRD-K26619122,teacher,2025,1,1.11,0.257058113813
BRD-K26619122,teacher,2025,1,3.33,0.297691255808
BRD-K26619122,teacher,2025,1,10,0.882854163647
BRD-K26619122,posterior,3407,0,0.04,0.438961327076
BRD-K26619122,posterior,3407,0,0.12,0.387423723936
BRD-K26619122,posterior,3407,0,0.37,0.579386770725
BRD-K26619122,posterior,3407,0,1.11,0.234413042665
BRD-K26619122,posterior,3407,0,3.33,0.303818613291
BRD-K26619122,posterior,3407,0,10,1.19056749344
BRD-K26619122,posterior,3407,1,0.04,0.215899631381
BRD-K26619122,posterior,3407,1,0.12,0.364964544773
BRD-K26619122,posterior,3407,1,0.37,0.26158067584
BRD-K26619122,posterior,3407,1,1.11,0.331589877605
BRD-K26619122,posterior,3407,1,3.33,0.360092848539
BRD-K26619122,posterior,3407,1,10,1.0322920084
BRD-K26619122,posterior,42,0,0.04,0.385720342398
BRD-K26619122,posterior,42,0,0.12,0.381434381008
BRD-K26619122,posterior,42,0,0.37,0.467886567116
BRD-K26619122,posterior,42,0,1.11,0.267463237047
BRD-K26619122,posterior,42,0,3.33,0.32106423378
BRD-K26619122,posterior,42,0,10,1.24778115749
BRD-K26619122,posterior,42,1,0.04,0.187236502767
BRD-K26619122,posterior,42,1,0.12,0.342865824699
BRD-K26619122,posterior,42,1,0.37,0.270568519831
BRD-K26619122,posterior,42,1,1.11,0.274235606194
BRD-K26619122,posterior,42,1,3.33,0.238052904606
BRD-K26619122,posterior,42,1,10,1.03909277916
BRD-K26619122,posterior,2025,0,0.04,0.434312939644
BRD-K26619122,posterior,2025,0,0.12,0.39015007019
BRD-K26619122,posterior,2025,0,0.37,0.633443117142
BRD-K26619122,posterior,2025,0,1.11,0.241532310843
BRD-K26619122,posterior,2025,0,3.33,0.284411638975
BRD-K26619122,posterior,2025,0,10,1.15112662315
BRD-K26619122,posterior,2025,1,0.04,0.183325350285
BRD-K26619122,posterior,2025,1,0.12,0.311728417873
BRD-K26619122,posterior,2025,1,0.37,0.248262286186
BRD-K26619122,posterior,2025,1,1.11,0.243748933077
BRD-K26619122,posterior,2025,1,3.33,0.278487116098
BRD-K26619122,posterior,2025,1,10,0.829923629761
