compound,reference_RMS_z_range,distance_to_median,selected
BRD-K26619122,0.846968889236,0.017278701067,True
BRD-K98004573,0.88152629137,0.017278701067,False
BRD-A50764878,0.846694469452,0.0175531208515,False
BRD-K19388745,0.845290660858,0.0189569294453,False
BRD-A16347691,0.844128131866,0.020119458437,False
BRD-A33711280,0.887234568596,0.0229869782925,False
BRD-K08832567,0.902894496918,0.0386469066143,False
BRD-K65820248,0.823861837387,0.0403857529163,False
BRD-K15108141,0.906910896301,0.0426633059978,False
BRD-K96550715,0.82019329071,0.044054299593,False
BRD-K71221037,0.815493583679,0.0487540066242,False
BRD-K70912147,0.801140785217,0.0631068050861,False
BRD-K46937689,0.928742408752,0.064494818449,False
BRD-K07160047,0.790608406067,0.0736391842365,False
BRD-K14653796,0.780418157578,0.0838294327259,False
BRD-K61250553,0.952138066292,0.0878904759884,False
BRD-K55966568,0.775427103043,0.0888204872608,False
BRD-K07237224,0.959998011589,0.0957504212856,False
BRD-K33211335,0.766272187233,0.0979754030704,False
BRD-K59524082,0.962834298611,0.0985867083073,False
BRD-K15916496,0.971049070358,0.106801480055,False
BRD-K30466858,0.757243335247,0.107004255056,False
BRD-K67043667,0.971438169479,0.107190579176,False
BRD-K83794243,0.980702340603,0.116454750299,False
BRD-A28787076,0.982695579529,0.118447989225,False
BRD-K29735307,0.994284391403,0.1300368011,False
BRD-K70914287,0.994415998459,0.130168408155,False
BRD-A58280226,1.00393736362,0.139689773321,False
BRD-A91699651,0.714288711548,0.149958878756,False
BRD-K55847762,1.02820241451,0.163954824209,False
BRD-A85548292,0.699759364128,0.164488226175,False
BRD-K45746021,1.03100895882,0.166761368513,False
BRD-K59331299,0.695884823799,0.168362766504,False
BRD-A49160188,0.692955493927,0.171292096376,False
BRD-A51078674,0.691846370697,0.172401219606,False
BRD-A26032986,0.685420274734,0.178827315569,False
BRD-K97440753,1.0487241745,0.184476584196,False
BRD-K95921201,1.05572044849,0.191472858191,False
BRD-K59058766,1.05709600449,0.192848414183,False
BRD-K24723746,0.659821987152,0.204425603151,False
BRD-K30685142,0.658193230629,0.206054359674,False
BRD-A68888262,0.65244102478,0.211806565523,False
BRD-K76197012,0.641363501549,0.222884088755,False
BRD-K62562723,0.633820533752,0.230427056551,False
BRD-K09471561,1.10003745556,0.235789865255,False
BRD-K96042922,0.627104878426,0.237142711878,False
BRD-A14941520,0.625494778156,0.238752812147,False
BRD-K14175878,0.624388217926,0.239859372377,False
BRD-K11196887,0.616052687168,0.248194903135,False
BRD-K33226500,0.615961790085,0.248285800219,False
BRD-K14993104,0.615699827671,0.248547762632,False
BRD-K93754473,0.609425067902,0.254822522402,False
BRD-K57080016,1.12628030777,0.262032717466,False
BRD-K32107296,0.601256251335,0.262991338968,False
BRD-K50133271,1.12852203846,0.264274448156,False
BRD-K11399644,1.1474763155,0.283228725195,False
BRD-M89827113,0.578967690468,0.285279899836,False
BRD-K93618743,0.578757345676,0.285490244627,False
BRD-K65992024,0.573288202286,0.290959388018,False
BRD-K73319509,0.57292842865,0.291319161654,False
BRD-K31447894,0.569559812546,0.294687777758,False
BRD-A19195498,0.566187918186,0.298059672117,False
BRD-K63550407,1.16497182846,0.300724238157,False
BRD-A93964801,0.562302410603,0.301945179701,False
BRD-A08187463,0.561988115311,0.302259474993,False
BRD-K04185004,0.561402261257,0.302845329046,False
BRD-K18678457,1.17005729675,0.30580970645,False
BRD-A78877355,1.17204380035,0.307796210051,False
BRD-K49671696,0.541010975838,0.323236614466,False
BRD-A70998768,0.537758469582,0.326489120722,False
BRD-A39390670,1.1927189827,0.328471392393,False
BRD-A46179541,0.517614901066,0.346632689238,False
BRD-K04112579,0.508700251579,0.355547338724,False
BRD-K13154216,0.507701158524,0.35654643178,False
BRD-K51087630,0.507419705391,0.356827884912,False
BRD-K17026858,1.22166264057,0.357415050268,False
BRD-A67862938,0.504376232624,0.359871357679,False
BRD-A67616246,1.24026250839,0.376014918089,False
BRD-K12609457,0.481107771397,0.383139818907,False
BRD-A98990573,0.477643728256,0.386603862047,False
BRD-A13188892,1.26118409634,0.396936506033,False
BRD-K80700417,1.26593899727,0.401691406965,False
BRD-A95032015,0.458187669516,0.406059920788,False
BRD-K15933101,0.454874068499,0.409373521805,False
BRD-K25650355,0.453575581312,0.410672008991,False
BRD-A62071884,0.449367552996,0.414880037308,False
BRD-K97045029,0.449267238379,0.414980351925,False
BRD-K12219985,0.446597397327,0.417650192976,False
BRD-K64504314,0.445594191551,0.418653398752,False
BRD-K30126819,0.440864950418,0.423382639885,False
BRD-K51677086,0.440733611584,0.42351397872,False
BRD-K59227464,1.28938388824,0.425136297941,False
BRD-K08248804,0.436083734035,0.428163856268,False
BRD-K06557128,0.432973057032,0.431274533272,False
BRD-A14886633,1.29754388332,0.43329629302,False
BRD-K55781385,0.423445224762,0.440802365541,False
BRD-A31811760,0.420240312815,0.444007277489,False
BRD-K81473089,0.416608691216,0.447638899088,False
BRD-K46604138,0.415959298611,0.448288291693,False
BRD-K75089421,0.414812803268,0.449434787035,False
BRD-K99383816,0.412797272205,0.451450318098,False
BRD-K37694030,0.409982800484,0.45426478982,False
BRD-A22032524,0.40400531888,0.460242271423,False
BRD-K75844781,0.39561009407,0.468637496233,False
BRD-K89375097,0.392996758223,0.471250832081,False
BRD-K68532323,1.33782482147,0.473577231169,False
BRD-A75305484,1.34245204926,0.478204458952,False
BRD-K59929863,0.385740399361,0.478507190943,False
BRD-K63630713,0.3849581182,0.479289472103,False
BRD-K18779551,0.382543444633,0.48170414567,False
BRD-K75641298,0.380944103003,0.483303487301,False
BRD-A98702003,0.379763245583,0.484484344721,False
BRD-K53814070,1.36021435261,0.495966762304,False
BRD-K64755930,0.363141238689,0.501106351614,False
BRD-K54006094,0.361133873463,0.503113716841,False
BRD-K79759585,0.358224868774,0.506022721529,False
BRD-K94288301,1.37732183933,0.513074249029,False
BRD-K10852020,0.350885778666,0.513361811638,False
BRD-K76812510,0.349011778831,0.515235811472,False
BRD-A75726477,0.348018527031,0.516229063272,False
BRD-A10012892,0.344287246466,0.519960343838,False
BRD-A29520968,0.33477216959,0.529475420713,False
BRD-K48892307,0.332479327917,0.531768262386,False
BRD-K58114536,0.330570012331,0.533677577972,False
BRD-K21450440,0.328335225582,0.535912364721,False
BRD-K86816506,1.40176320076,0.537515610456,False
BRD-K60341624,1.40843033791,0.544182747602,False
BRD-K88611939,0.317418187857,0.546829402447,False
BRD-A32172948,0.316553294659,0.547694295645,False
BRD-K08252256,0.311611801386,0.552635788918,False
BRD-K77396579,0.310428321362,0.553819268942,False
BRD-K91336023,0.308908998966,0.555338591337,False
BRD-K80396088,0.30541151762,0.558836072683,False
BRD-K22031190,0.303165435791,0.561082154512,False
BRD-K31731454,0.30251839757,0.561729192734,False
BRD-A29734509,0.291182339191,0.573065251112,False
BRD-A20239487,0.288258671761,0.575988918543,False
BRD-K24943235,1.44261682034,0.578369230032,False
BRD-K34469523,0.278430193663,0.585817396641,False
BRD-A29844814,0.278198719025,0.586048871279,False
BRD-K81672972,1.45073533058,0.586487740278,False
BRD-K70464547,1.45140695572,0.587159365416,False
BRD-K10845183,0.277030557394,0.587217032909,False
BRD-K12994359,0.273477822542,0.590769767761,False
BRD-K07220430,0.273019552231,0.591228038073,False
BRD-K09711437,0.270385175943,0.59386241436,False
BRD-A65051990,0.270033895969,0.594213694334,False
BRD-K55748775,0.253787696362,0.610459893942,False
BRD-K59013864,0.253280311823,0.610967278481,False
BRD-A68942014,0.250621289015,0.613626301289,False
BRD-K54847683,1.48493933678,0.620691746473,False
BRD-K49555808,0.243004620075,0.621242970228,False
BRD-K12932420,0.238326191902,0.625921398401,False
BRD-A25619068,0.237695649266,0.626551941037,False
BRD-K93645900,0.234792977571,0.629454612732,False
BRD-K93869735,0.233899235725,0.630348354578,False
BRD-K91822704,0.229462534189,0.634785056114,False
BRD-K15010214,0.227898418903,0.6363491714,False
BRD-K45252063,0.223685234785,0.640562355518,False
BRD-K91111634,0.212399870157,0.651847720146,False
BRD-K62200014,0.211959511042,0.652288079262,False
BRD-K97643133,0.199330836535,0.664916753769,False
BRD-K74763371,0.194577336311,0.669670253992,False
BRD-K05395900,0.194501966238,0.669745624065,False
BRD-K06900071,0.192729949951,0.671517640352,False
BRD-K50031829,0.185187876225,0.679059714079,False
BRD-K07572174,1.54383969307,0.679592102766,False
BRD-K26341917,0.179473668337,0.684773921967,False
BRD-K06335600,0.175292611122,0.688954979181,False
BRD-K74363950,0.159530758858,0.704716831446,False
BRD-K53417444,1.57193183899,0.707684248686,False
BRD-K58951486,0.14658010006,0.717667490244,False
BRD-K84810405,0.129313737154,0.734933853149,False
BRD-K79404599,1.62979328632,0.76554569602,False
BRD-A07440155,0.0950000882149,0.769247502089,False
BRD-K65678996,0.0872495174408,0.776998072863,False
BRD-K82244583,1.64663958549,0.782391995192,False
BRD-K63150726,1.65483283997,0.790585249662,False
BRD-K92241597,1.66659212112,0.802344530821,False
BRD-K35775715,1.67656087875,0.81231328845,False
BRD-K81144366,1.68183875084,0.817591160536,False
BRD-K97472745,1.68897879124,0.824731200933,False
BRD-K60160658,1.69038939476,0.826141804457,False
BRD-K48812570,1.72206234932,0.857814759016,False
BRD-K32821942,1.76947414875,0.905226558447,False
BRD-K56405753,1.87368202209,1.00943443179,False
BRD-K78303961,1.89413309097,1.02988550067,False
BRD-K09951645,1.91682386398,1.05257627368,False
BRD-K56810756,1.95820868015,1.09396108985,False
BRD-K73109821,2.05686759949,1.19262000918,False
BRD-K83508485,2.07520127296,1.21095368266,False
BRD-K56751279,2.11991763115,1.25567004085,False
BRD-K17944737,2.1654882431,1.3012406528,False
BRD-K35169477,2.17758488655,1.31333729625,False
BRD-K91263825,2.18684148788,1.32259389758,False
BRD-K50498985,2.24253487587,1.37828728557,False
BRD-K82795137,2.24323415756,1.37898656726,False
BRD-K31342827,2.24695754051,1.38270995021,False
BRD-A48237631,2.25698137283,1.39273378253,False
BRD-K09426783,2.27909564972,1.41484805942,False
BRD-A68493689,2.39881706238,1.53456947207,False
BRD-K88510285,2.40935087204,1.54510328174,False
BRD-K16732600,2.42470955849,1.56046196818,False
BRD-K75911534,2.44017648697,1.57592889667,False
BRD-K49865102,2.45374393463,1.58949634433,False
BRD-K32218650,2.45481038094,1.59056279063,False
BRD-K68552125,2.47121453285,1.60696694255,False
BRD-K87156652,2.52473306656,1.66048547626,False
BRD-K06240250,2.53175020218,1.66750261188,False
BRD-K29950728,2.53750538826,1.67325779796,False
BRD-A93000692,2.56652712822,1.70227953792,False
BRD-K49504902,2.56841897964,1.70417138934,False
BRD-K18324993,2.61023187637,1.74598428607,False
BRD-K96123349,2.65165233612,1.78740474582,False
BRD-K13662825,2.69848775864,1.83424016833,False
BRD-K99792991,2.71110534668,1.84685775638,False
BRD-A94543220,2.71835136414,1.85410377383,False
BRD-A77216878,2.71855950356,1.85431191325,False
BRD-K74514084,2.74077033997,1.87652274966,False
BRD-K91825936,2.79714274406,1.93289515376,False
BRD-K05236810,2.81223487854,1.94798728824,False
BRD-K61195623,2.84140110016,1.97715350986,False
BRD-K72215350,2.88474011421,2.02049252391,False
BRD-A39935389,2.8874437809,2.0231961906,False
BRD-K29359156,3.04137229919,2.17712470889,False
BRD-K46386702,3.05849981308,2.19425222278,False
BRD-A08545410,3.07415628433,2.20990869403,False
BRD-K13050541,3.08854103088,2.22429344058,False
BRD-K76908866,3.16129922867,2.29705163836,False
BRD-K65991129,3.17022514343,2.30597755313,False
BRD-A38350138,3.28175735474,2.41750976443,False
BRD-K06294530,3.36857414246,2.50432655215,False
BRD-K92049597,3.41733145714,2.55308386683,False
BRD-K98572433,3.45304679871,2.5887992084,False
BRD-K56032964,3.64361071587,2.77936312556,False
BRD-A48570745,3.65238666534,2.78813907504,False
BRD-K87737963,3.98610258102,3.12185499072,False
BRD-K09372874,4.02436494827,3.16011735797,False
BRD-K60997853,4.11869096756,3.25444337726,False
BRD-K88429204,4.17234802246,3.30810043216,False
BRD-K44844162,4.18354320526,3.31929561496,False
BRD-A56085258,4.18595552444,3.32170793414,False
BRD-K87782578,4.42750358582,3.56325599551,False
BRD-K64800655,4.62633085251,3.76208326221,False
BRD-K29582115,4.69076108932,3.82651349902,False
BRD-K25630527,4.74730825424,3.88306066394,False
BRD-K93880783,4.81422662735,3.94997903705,False
BRD-K33732501,4.90949869156,4.04525110126,False
BRD-K33379087,5.00038719177,4.13613960147,False
BRD-K90195324,5.00574970245,4.14150211215,False
BRD-A03623303,5.17670822144,4.31246063113,False
BRD-K68488863,5.29126548767,4.42701789737,False
BRD-K13646352,5.31004619598,4.44579860568,False
BRD-A94756469,5.47960472107,4.61535713077,False
BRD-K70401845,5.48738574982,4.62313815951,False
BRD-K05524748,5.56797885895,4.70373126864,False
BRD-K07881437,5.93828773499,5.07404014468,False
BRD-A36331462,6.19378614426,5.32953855395,False
