source_cell_lines,target_cell_line,metric,method,estimate,ci_low,ci_high,n_drugs,bootstrap_draws,bootstrap_unit
K562+MCF7,A549,Raw Same-Foreign excess Fisher-z,Raw,0.00797314412646,0.00129952575015,0.0154225479649,36,10000,drug
K562+MCF7,A549,CFRA Same-Foreign excess Fisher-z,CFRA,0.000368240932703,-0.00409960189862,0.00469495877979,36,10000,drug
K562+MCF7,A549,CFRA-Raw Same-Foreign excess Fisher-z,CFRA-Raw,-0.00760490319375,-0.0144715086404,-0.0010971743674,36,10000,drug
K562+MCF7,A549,||CFRA||/||Raw||,CFRA,0.201048333189,0.199058057495,0.203128203268,36,10000,drug
A549+MCF7,K562,Raw Same-Foreign excess Fisher-z,Raw,0.0105621250186,0.00386099278943,0.0183750004857,36,10000,drug
A549+MCF7,K562,CFRA Same-Foreign excess Fisher-z,CFRA,0.00333076173838,-0.00209032604926,0.00919878903321,36,10000,drug
A549+MCF7,K562,CFRA-Raw Same-Foreign excess Fisher-z,CFRA-Raw,-0.00723136328018,-0.012229760091,-0.00259720438179,36,10000,drug
A549+MCF7,K562,||CFRA||/||Raw||,CFRA,0.196854477773,0.194848028125,0.199095333281,36,10000,drug
A549+K562,MCF7,Raw Same-Foreign excess Fisher-z,Raw,0.0202832811127,0.00816310547357,0.0340863149442,36,10000,drug
A549+K562,MCF7,CFRA Same-Foreign excess Fisher-z,CFRA,0.00252050895642,-0.0013139781077,0.00623348363687,36,10000,drug
A549+K562,MCF7,CFRA-Raw Same-Foreign excess Fisher-z,CFRA-Raw,-0.0177627721562,-0.0301456585584,-0.00763163136601,36,10000,drug
A549+K562,MCF7,||CFRA||/||Raw||,CFRA,0.349428690831,0.344295971045,0.354397572245,36,10000,drug
