seed,analysis,module,comparison,endpoint,seed3407,seed42,seed2025,n_compounds,point,ci_low,ci_high,rounds,bootstrap_unit,bootstrap_seed
mean,module,DNA,teacher_minus_raw,trajectory_tc,0.0557211538462,0.067864010989,0.0667445054945,260,0.0634432234432,0.0369433379121,0.0898610347985,10000,compound,908896602
mean,module,DNA,posterior_minus_teacher,trajectory_tc,0.0101467331118,0.011911683278,0.0078349944629,258,0.00996447028424,0.00392903285345,0.0159793166298,10000,compound,1984962404
mean,module,RNA,teacher_minus_raw,trajectory_tc,0.0448489010989,0.0625274725275,0.0475137362637,260,0.05163003663,0.0286307806777,0.0755134500916,10000,compound,2236654520
mean,module,RNA,posterior_minus_teacher,trajectory_tc,0.0100429125138,0.00704595791805,0.0100913621262,258,0.00906007751938,0.00304996077889,0.0150148809524,10000,compound,2679945723
mean,module,ER,teacher_minus_raw,trajectory_tc,0.0674244505495,0.0854739010989,0.0679739010989,260,0.0736240842491,0.0491025641026,0.0987670558608,10000,compound,3269531764
mean,module,ER,posterior_minus_teacher,trajectory_tc,0.0123684939092,0.00905315614618,0.00876937984496,258,0.0100636766334,0.00404208194906,0.0161060931155,10000,compound,18755588
mean,module,Mito,teacher_minus_raw,trajectory_tc,0.064010989011,0.0653159340659,0.0518956043956,260,0.0604075091575,0.0349724702381,0.0860450434982,10000,compound,4146740965
mean,module,Mito,posterior_minus_teacher,trajectory_tc,0.0063122923588,0.0130467884828,0.0119532115172,258,0.0104374307863,0.0040786498708,0.0169758790144,10000,compound,871859155
mean,module,AGP,teacher_minus_raw,trajectory_tc,0.0687431318681,0.0700755494505,0.073592032967,260,0.0708035714286,0.0466025068681,0.0955334249084,10000,compound,3951896803
mean,module,AGP,posterior_minus_teacher,trajectory_tc,0.00667912513843,0.00983527131783,0.00232558139535,258,0.0062799926172,0.000216696659284,0.0121147102252,10000,compound,1345979662
mean,module,Shape,teacher_minus_raw,trajectory_tc,0.0365796703297,0.0467994505495,0.0382486263736,260,0.0405425824176,0.0141163003663,0.0661109203297,10000,compound,3759488844
mean,module,Shape,posterior_minus_teacher,trajectory_tc,0.0162444629014,0.0200442967885,0.0164521040975,258,0.0175802879291,0.0108616532853,0.0242387066261,10000,compound,2359508385
mean,module,Cross-channel,teacher_minus_raw,trajectory_tc,0.00169642857143,0.00675824175824,0.00466346153846,260,0.00437271062271,-0.0182122252747,0.0264105998168,10000,compound,1749761950
mean,module,Cross-channel,posterior_minus_teacher,trajectory_tc,0.0158637873754,0.019130675526,0.0160506644518,258,0.0170150424511,0.0112586517165,0.0230367524917,10000,compound,1839568380
mean,macro_module,Macro,teacher_minus_raw,trajectory_tc,0.0484321036107,0.0578306514914,0.050090266876,260,0.0521176739927,0.038373822606,0.0658526376897,10000,compound,1861257639
mean,macro_module,Macro,posterior_minus_teacher,trajectory_tc,0.0110939724727,0.0128668327796,0.0104967568423,258,0.0114858540315,0.00778783848811,0.0152554563492,10000,compound,1205367597
