compound,method,seed,support_rotation,dose_uM,distance_1_minus_PCC_to_lowest
BRD-K26619122,reference,3407,0,0.04,0
BRD-K26619122,reference,3407,0,0.12,0.439542836172
BRD-K26619122,reference,3407,0,0.37,0.704461046858
BRD-K26619122,reference,3407,0,1.11,1.07753937671
BRD-K26619122,reference,3407,0,3.33,1.02203815756
BRD-K26619122,reference,3407,0,10,1.32785834618
BRD-K26619122,reference,3407,1,0.04,0
BRD-K26619122,reference,3407,1,0.12,0.169173209839
BRD-K26619122,reference,3407,1,0.37,0.283969854046
BRD-K26619122,reference,3407,1,1.11,0.418394087395
BRD-K26619122,reference,3407,1,3.33,0.815404375621
BRD-K26619122,reference,3407,1,10,1.27847020996
BRD-K26619122,reference,42,0,0.04,0
BRD-K26619122,reference,42,0,0.12,0.439542836172
BRD-K26619122,reference,42,0,0.37,0.704461046858
BRD-K26619122,reference,42,0,1.11,1.07753937671
BRD-K26619122,reference,42,0,3.33,1.02203815756
BRD-K26619122,reference,42,0,10,1.32785834618
BRD-K26619122,reference,42,1,0.04,0
BRD-K26619122,reference,42,1,0.12,0.169173209839
BRD-K26619122,reference,42,1,0.37,0.283969854046
BRD-K26619122,reference,42,1,1.11,0.418394087395
BRD-K26619122,reference,42,1,3.33,0.815404375621
BRD-K26619122,reference,42,1,10,1.27847020996
BRD-K26619122,reference,2025,0,0.04,0
BRD-K26619122,reference,2025,0,0.12,0.439542836172
BRD-K26619122,reference,2025,0,0.37,0.704461046858
BRD-K26619122,reference,2025,0,1.11,1.07753937671
BRD-K26619122,reference,2025,0,3.33,1.02203815756
BRD-K26619122,reference,2025,0,10,1.32785834618
BRD-K26619122,reference,2025,1,0.04,0
BRD-K26619122,reference,2025,1,0.12,0.169173209839
BRD-K26619122,reference,2025,1,0.37,0.283969854046
BRD-K26619122,reference,2025,1,1.11,0.418394087395
BRD-K26619122,reference,2025,1,3.33,0.815404375621
BRD-K26619122,reference,2025,1,10,1.27847020996
BRD-K26619122,raw,3407,0,0.04,0
BRD-K26619122,raw,3407,0,0.12,0.989961361294
BRD-K26619122,raw,3407,0,0.37,0.948268473028
BRD-K26619122,raw,3407,0,1.11,0.838473416648
BRD-K26619122,raw,3407,0,3.33,0.788709361797
BRD-K26619122,raw,3407,0,10,1.16815626625
BRD-K26619122,raw,3407,1,0.04,0
BRD-K26619122,raw,3407,1,0.12,0.805291495592
BRD-K26619122,raw,3407,1,0.37,1.12191012353
BRD-K26619122,raw,3407,1,1.11,1.64041860202
BRD-K26619122,raw,3407,1,3.33,1.01482877483
BRD-K26619122,raw,3407,1,10,0.984768823039
BRD-K26619122,raw,42,0,0.04,0
BRD-K26619122,raw,42,0,0.12,0.989961361294
BRD-K26619122,raw,42,0,0.37,0.948268473028
BRD-K26619122,raw,42,0,1.11,0.838473416648
BRD-K26619122,raw,42,0,3.33,0.788709361797
BRD-K26619122,raw,42,0,10,1.16815626625
BRD-K26619122,raw,42,1,0.04,0
BRD-K26619122,raw,42,1,0.12,0.805291495592
BRD-K26619122,raw,42,1,0.37,1.12191012353
BRD-K26619122,raw,42,1,1.11,1.64041860202
BRD-K26619122,raw,42,1,3.33,1.01482877483
BRD-K26619122,raw,42,1,10,0.984768823039
BRD-K26619122,raw,2025,0,0.04,0
BRD-K26619122,raw,2025,0,0.12,0.989961361294
BRD-K26619122,raw,2025,0,0.37,0.948268473028
BRD-K26619122,raw,2025,0,1.11,0.838473416648
BRD-K26619122,raw,2025,0,3.33,0.788709361797
BRD-K26619122,raw,2025,0,10,1.16815626625
BRD-K26619122,raw,2025,1,0.04,0
BRD-K26619122,raw,2025,1,0.12,0.805291495592
BRD-K26619122,raw,2025,1,0.37,1.12191012353
BRD-K26619122,raw,2025,1,1.11,1.64041860202
BRD-K26619122,raw,2025,1,3.33,1.01482877483
BRD-K26619122,raw,2025,1,10,0.984768823039
BRD-K26619122,teacher,3407,0,0.04,0
BRD-K26619122,teacher,3407,0,0.12,0.0746208208474
BRD-K26619122,teacher,3407,0,0.37,0.271195943336
BRD-K26619122,teacher,3407,0,1.11,0.439903531291
BRD-K26619122,teacher,3407,0,3.33,0.681097939301
BRD-K26619122,teacher,3407,0,10,1.30259613878
BRD-K26619122,teacher,3407,1,0.04,0
BRD-K26619122,teacher,3407,1,0.12,0.316439345648
BRD-K26619122,teacher,3407,1,0.37,0.0598534598611
BRD-K26619122,teacher,3407,1,1.11,0.629482677857
BRD-K26619122,teacher,3407,1,3.33,0.197544025311
BRD-K26619122,teacher,3407,1,10,1.15568863705
BRD-K26619122,teacher,42,0,0.04,0
BRD-K26619122,teacher,42,0,0.12,0.111399808969
BRD-K26619122,teacher,42,0,0.37,0.437309016037
BRD-K26619122,teacher,42,0,1.11,0.374112398871
BRD-K26619122,teacher,42,0,3.33,0.552019550647
BRD-K26619122,teacher,42,0,10,1.29649314978
BRD-K26619122,teacher,42,1,0.04,0
BRD-K26619122,teacher,42,1,0.12,0.380195362174
BRD-K26619122,teacher,42,1,0.37,0.287227613423
BRD-K26619122,teacher,42,1,1.11,0.840028256885
BRD-K26619122,teacher,42,1,3.33,0.461394870768
BRD-K26619122,teacher,42,1,10,1.34431583632
BRD-K26619122,teacher,2025,0,0.04,0
BRD-K26619122,teacher,2025,0,0.12,0.100665441007
BRD-K26619122,teacher,2025,0,0.37,0.236303080849
BRD-K26619122,teacher,2025,0,1.11,0.162595701697
BRD-K26619122,teacher,2025,0,3.33,0.232910096428
BRD-K26619122,teacher,2025,0,10,0.88252639876
BRD-K26619122,teacher,2025,1,0.04,0
BRD-K26619122,teacher,2025,1,0.12,0.447946441665
BRD-K26619122,teacher,2025,1,0.37,0.185093332612
BRD-K26619122,teacher,2025,1,1.11,0.304324338699
BRD-K26619122,teacher,2025,1,3.33,0.501082106928
BRD-K26619122,teacher,2025,1,10,1.61591365207
BRD-K26619122,posterior,3407,0,0.04,0
BRD-K26619122,posterior,3407,0,0.12,0.0570712239948
BRD-K26619122,posterior,3407,0,0.37,0.292922142709
BRD-K26619122,posterior,3407,0,1.11,0.365960017919
BRD-K26619122,posterior,3407,0,3.33,0.698659499595
BRD-K26619122,posterior,3407,0,10,1.364537475
BRD-K26619122,posterior,3407,1,0.04,0
BRD-K26619122,posterior,3407,1,0.12,0.221577814617
BRD-K26619122,posterior,3407,1,0.37,0.100402235805
BRD-K26619122,posterior,3407,1,1.11,0.557285643658
BRD-K26619122,posterior,3407,1,3.33,0.229862005147
BRD-K26619122,posterior,3407,1,10,1.2633028124
BRD-K26619122,posterior,42,0,0.04,0
BRD-K26619122,posterior,42,0,0.12,0.107376496658
BRD-K26619122,posterior,42,0,0.37,0.409634479643
BRD-K26619122,posterior,42,0,1.11,0.281434241495
BRD-K26619122,posterior,42,0,3.33,0.55391013135
BRD-K26619122,posterior,42,0,10,1.35517450785
BRD-K26619122,posterior,42,1,0.04,0
BRD-K26619122,posterior,42,1,0.12,0.224226076823
BRD-K26619122,posterior,42,1,0.37,0.266101302449
BRD-K26619122,posterior,42,1,1.11,0.726448273856
BRD-K26619122,posterior,42,1,3.33,0.454636506987
BRD-K26619122,posterior,42,1,10,1.43554284338
BRD-K26619122,posterior,2025,0,0.04,0
BRD-K26619122,posterior,2025,0,0.12,0.113616915597
BRD-K26619122,posterior,2025,0,0.37,0.250046177808
BRD-K26619122,posterior,2025,0,1.11,0.120799253556
BRD-K26619122,posterior,2025,0,3.33,0.230035302341
BRD-K26619122,posterior,2025,0,10,0.961783698859
BRD-K26619122,posterior,2025,1,0.04,0
BRD-K26619122,posterior,2025,1,0.12,0.331437053677
BRD-K26619122,posterior,2025,1,0.37,0.247071757617
BRD-K26619122,posterior,2025,1,1.11,0.264379772785
BRD-K26619122,posterior,2025,1,3.33,0.537621774594
BRD-K26619122,posterior,2025,1,10,1.69451358412
