compound,method,dose_uM,mitochondrial_RMS_z
BRD-K26619122,reference,0.04,0.493103861809
BRD-K26619122,reference,0.12,0.694284200668
BRD-K26619122,reference,0.37,0.788853883743
BRD-K26619122,reference,1.11,0.726614177227
BRD-K26619122,reference,3.33,0.829472482204
BRD-K26619122,reference,10,1.34007275105
BRD-K26619122,raw,0.04,1.07626724243
BRD-K26619122,raw,0.12,0.873231887817
BRD-K26619122,raw,0.37,0.852078437805
BRD-K26619122,raw,1.11,0.815093517303
BRD-K26619122,raw,3.33,0.867644369602
BRD-K26619122,raw,10,1.44561994076
BRD-K26619122,teacher,0.04,0.318647474051
BRD-K26619122,teacher,0.12,0.350873202085
BRD-K26619122,teacher,0.37,0.410013079643
BRD-K26619122,teacher,1.11,0.288181036711
BRD-K26619122,teacher,3.33,0.32679566741
BRD-K26619122,teacher,10,1.17191302776
BRD-K26619122,posterior,0.04,0.307576030493
BRD-K26619122,posterior,0.12,0.363094478846
BRD-K26619122,posterior,0.37,0.410187989473
BRD-K26619122,posterior,1.11,0.265497177839
BRD-K26619122,posterior,3.33,0.297654539347
BRD-K26619122,posterior,10,1.08179724216
