method,dose_i_uM,dose_j_uM,mean_1_minus_pcc,n_compounds,aggregation
reference,0.04,0.04,0,258,distance within module/rotation/seed -> equal module/rotation/seed mean -> compound mean
reference,0.04,0.12,0.335985298625,258,distance within module/rotation/seed -> equal module/rotation/seed mean -> compound mean
reference,0.04,0.37,0.420146964675,258,distance within module/rotation/seed -> equal module/rotation/seed mean -> compound mean
reference,0.04,1.11,0.506734489514,258,distance within module/rotation/seed -> equal module/rotation/seed mean -> compound mean
reference,0.04,3.33,0.594713285065,258,distance within module/rotation/seed -> equal module/rotation/seed mean -> compound mean
reference,0.04,10,0.723414393278,258,distance within module/rotation/seed -> equal module/rotation/seed mean -> compound mean
reference,0.12,0.04,0.335985298625,258,distance within module/rotation/seed -> equal module/rotation/seed mean -> compound mean
reference,0.12,0.12,0,258,distance within module/rotation/seed -> equal module/rotation/seed mean -> compound mean
reference,0.12,0.37,0.371828472006,258,distance within module/rotation/seed -> equal module/rotation/seed mean -> compound mean
reference,0.12,1.11,0.429938396335,258,distance within module/rotation/seed -> equal module/rotation/seed mean -> compound mean
reference,0.12,3.33,0.532373236744,258,distance within module/rotation/seed -> equal module/rotation/seed mean -> compound mean
reference,0.12,10,0.674480464534,258,distance within module/rotation/seed -> equal module/rotation/seed mean -> compound mean
reference,0.37,0.04,0.420146964675,258,distance within module/rotation/seed -> equal module/rotation/seed mean -> compound mean
reference,0.37,0.12,0.371828472006,258,distance within module/rotation/seed -> equal module/rotation/seed mean -> compound mean
reference,0.37,0.37,0,258,distance within module/rotation/seed -> equal module/rotation/seed mean -> compound mean
reference,0.37,1.11,0.313870260001,258,distance within module/rotation/seed -> equal module/rotation/seed mean -> compound mean
reference,0.37,3.33,0.47421671415,258,distance within module/rotation/seed -> equal module/rotation/seed mean -> compound mean
reference,0.37,10,0.646997915783,258,distance within module/rotation/seed -> equal module/rotation/seed mean -> compound mean
reference,1.11,0.04,0.506734489514,258,distance within module/rotation/seed -> equal module/rotation/seed mean -> compound mean
reference,1.11,0.12,0.429938396335,258,distance within module/rotation/seed -> equal module/rotation/seed mean -> compound mean
reference,1.11,0.37,0.313870260001,258,distance within module/rotation/seed -> equal module/rotation/seed mean -> compound mean
reference,1.11,1.11,0,258,distance within module/rotation/seed -> equal module/rotation/seed mean -> compound mean
reference,1.11,3.33,0.36214739762,258,distance within module/rotation/seed -> equal module/rotation/seed mean -> compound mean
reference,1.11,10,0.530196665192,258,distance within module/rotation/seed -> equal module/rotation/seed mean -> compound mean
reference,3.33,0.04,0.594713285065,258,distance within module/rotation/seed -> equal module/rotation/seed mean -> compound mean
reference,3.33,0.12,0.532373236744,258,distance within module/rotation/seed -> equal module/rotation/seed mean -> compound mean
reference,3.33,0.37,0.47421671415,258,distance within module/rotation/seed -> equal module/rotation/seed mean -> compound mean
reference,3.33,1.11,0.36214739762,258,distance within module/rotation/seed -> equal module/rotation/seed mean -> compound mean
reference,3.33,3.33,0,258,distance within module/rotation/seed -> equal module/rotation/seed mean -> compound mean
reference,3.33,10,0.368886944361,258,distance within module/rotation/seed -> equal module/rotation/seed mean -> compound mean
reference,10,0.04,0.723414393278,258,distance within module/rotation/seed -> equal module/rotation/seed mean -> compound mean
reference,10,0.12,0.674480464534,258,distance within module/rotation/seed -> equal module/rotation/seed mean -> compound mean
reference,10,0.37,0.646997915783,258,distance within module/rotation/seed -> equal module/rotation/seed mean -> compound mean
reference,10,1.11,0.530196665192,258,distance within module/rotation/seed -> equal module/rotation/seed mean -> compound mean
reference,10,3.33,0.368886944361,258,distance within module/rotation/seed -> equal module/rotation/seed mean -> compound mean
reference,10,10,0,258,distance within module/rotation/seed -> equal module/rotation/seed mean -> compound mean
raw,0.04,0.04,0,258,distance within module/rotation/seed -> equal module/rotation/seed mean -> compound mean
raw,0.04,0.12,0.484089086416,258,distance within module/rotation/seed -> equal module/rotation/seed mean -> compound mean
raw,0.04,0.37,0.556867248655,258,distance within module/rotation/seed -> equal module/rotation/seed mean -> compound mean
raw,0.04,1.11,0.611104445859,258,distance within module/rotation/seed -> equal module/rotation/seed mean -> compound mean
raw,0.04,3.33,0.667118878749,258,distance within module/rotation/seed -> equal module/rotation/seed mean -> compound mean
raw,0.04,10,0.763235537018,258,distance within module/rotation/seed -> equal module/rotation/seed mean -> compound mean
raw,0.12,0.04,0.484089086416,258,distance within module/rotation/seed -> equal module/rotation/seed mean -> compound mean
raw,0.12,0.12,0,258,distance within module/rotation/seed -> equal module/rotation/seed mean -> compound mean
raw,0.12,0.37,0.506872255305,258,distance within module/rotation/seed -> equal module/rotation/seed mean -> compound mean
raw,0.12,1.11,0.546275309509,258,distance within module/rotation/seed -> equal module/rotation/seed mean -> compound mean
raw,0.12,3.33,0.6051424774,258,distance within module/rotation/seed -> equal module/rotation/seed mean -> compound mean
raw,0.12,10,0.72819019052,258,distance within module/rotation/seed -> equal module/rotation/seed mean -> compound mean
raw,0.37,0.04,0.556867248655,258,distance within module/rotation/seed -> equal module/rotation/seed mean -> compound mean
raw,0.37,0.12,0.506872255305,258,distance within module/rotation/seed -> equal module/rotation/seed mean -> compound mean
raw,0.37,0.37,0,258,distance within module/rotation/seed -> equal module/rotation/seed mean -> compound mean
raw,0.37,1.11,0.454040250381,258,distance within module/rotation/seed -> equal module/rotation/seed mean -> compound mean
raw,0.37,3.33,0.573975992191,258,distance within module/rotation/seed -> equal module/rotation/seed mean -> compound mean
raw,0.37,10,0.696780987873,258,distance within module/rotation/seed -> equal module/rotation/seed mean -> compound mean
raw,1.11,0.04,0.611104445859,258,distance within module/rotation/seed -> equal module/rotation/seed mean -> compound mean
raw,1.11,0.12,0.546275309509,258,distance within module/rotation/seed -> equal module/rotation/seed mean -> compound mean
raw,1.11,0.37,0.454040250381,258,distance within module/rotation/seed -> equal module/rotation/seed mean -> compound mean
raw,1.11,1.11,0,258,distance within module/rotation/seed -> equal module/rotation/seed mean -> compound mean
raw,1.11,3.33,0.465393655567,258,distance within module/rotation/seed -> equal module/rotation/seed mean -> compound mean
raw,1.11,10,0.59108863233,258,distance within module/rotation/seed -> equal module/rotation/seed mean -> compound mean
raw,3.33,0.04,0.667118878749,258,distance within module/rotation/seed -> equal module/rotation/seed mean -> compound mean
raw,3.33,0.12,0.6051424774,258,distance within module/rotation/seed -> equal module/rotation/seed mean -> compound mean
raw,3.33,0.37,0.573975992191,258,distance within module/rotation/seed -> equal module/rotation/seed mean -> compound mean
raw,3.33,1.11,0.465393655567,258,distance within module/rotation/seed -> equal module/rotation/seed mean -> compound mean
raw,3.33,3.33,0,258,distance within module/rotation/seed -> equal module/rotation/seed mean -> compound mean
raw,3.33,10,0.468428420934,258,distance within module/rotation/seed -> equal module/rotation/seed mean -> compound mean
raw,10,0.04,0.763235537018,258,distance within module/rotation/seed -> equal module/rotation/seed mean -> compound mean
raw,10,0.12,0.72819019052,258,distance within module/rotation/seed -> equal module/rotation/seed mean -> compound mean
raw,10,0.37,0.696780987873,258,distance within module/rotation/seed -> equal module/rotation/seed mean -> compound mean
raw,10,1.11,0.59108863233,258,distance within module/rotation/seed -> equal module/rotation/seed mean -> compound mean
raw,10,3.33,0.468428420934,258,distance within module/rotation/seed -> equal module/rotation/seed mean -> compound mean
raw,10,10,0,258,distance within module/rotation/seed -> equal module/rotation/seed mean -> compound mean
teacher,0.04,0.04,0,258,distance within module/rotation/seed -> equal module/rotation/seed mean -> compound mean
teacher,0.04,0.12,0.283229452351,258,distance within module/rotation/seed -> equal module/rotation/seed mean -> compound mean
teacher,0.04,0.37,0.391670051457,258,distance within module/rotation/seed -> equal module/rotation/seed mean -> compound mean
teacher,0.04,1.11,0.456597296625,258,distance within module/rotation/seed -> equal module/rotation/seed mean -> compound mean
teacher,0.04,3.33,0.55455960064,258,distance within module/rotation/seed -> equal module/rotation/seed mean -> compound mean
teacher,0.04,10,0.713520003484,258,distance within module/rotation/seed -> equal module/rotation/seed mean -> compound mean
teacher,0.12,0.04,0.283229452351,258,distance within module/rotation/seed -> equal module/rotation/seed mean -> compound mean
teacher,0.12,0.12,0,258,distance within module/rotation/seed -> equal module/rotation/seed mean -> compound mean
teacher,0.12,0.37,0.322782573966,258,distance within module/rotation/seed -> equal module/rotation/seed mean -> compound mean
teacher,0.12,1.11,0.364253317006,258,distance within module/rotation/seed -> equal module/rotation/seed mean -> compound mean
teacher,0.12,3.33,0.463791560786,258,distance within module/rotation/seed -> equal module/rotation/seed mean -> compound mean
teacher,0.12,10,0.664866379055,258,distance within module/rotation/seed -> equal module/rotation/seed mean -> compound mean
teacher,0.37,0.04,0.391670051457,258,distance within module/rotation/seed -> equal module/rotation/seed mean -> compound mean
teacher,0.37,0.12,0.322782573966,258,distance within module/rotation/seed -> equal module/rotation/seed mean -> compound mean
teacher,0.37,0.37,0,258,distance within module/rotation/seed -> equal module/rotation/seed mean -> compound mean
teacher,0.37,1.11,0.294982931907,258,distance within module/rotation/seed -> equal module/rotation/seed mean -> compound mean
teacher,0.37,3.33,0.428021527709,258,distance within module/rotation/seed -> equal module/rotation/seed mean -> compound mean
teacher,0.37,10,0.631608321693,258,distance within module/rotation/seed -> equal module/rotation/seed mean -> compound mean
teacher,1.11,0.04,0.456597296625,258,distance within module/rotation/seed -> equal module/rotation/seed mean -> compound mean
teacher,1.11,0.12,0.364253317006,258,distance within module/rotation/seed -> equal module/rotation/seed mean -> compound mean
teacher,1.11,0.37,0.294982931907,258,distance within module/rotation/seed -> equal module/rotation/seed mean -> compound mean
teacher,1.11,1.11,0,258,distance within module/rotation/seed -> equal module/rotation/seed mean -> compound mean
teacher,1.11,3.33,0.332447662091,258,distance within module/rotation/seed -> equal module/rotation/seed mean -> compound mean
teacher,1.11,10,0.526391483944,258,distance within module/rotation/seed -> equal module/rotation/seed mean -> compound mean
teacher,3.33,0.04,0.55455960064,258,distance within module/rotation/seed -> equal module/rotation/seed mean -> compound mean
teacher,3.33,0.12,0.463791560786,258,distance within module/rotation/seed -> equal module/rotation/seed mean -> compound mean
teacher,3.33,0.37,0.428021527709,258,distance within module/rotation/seed -> equal module/rotation/seed mean -> compound mean
teacher,3.33,1.11,0.332447662091,258,distance within module/rotation/seed -> equal module/rotation/seed mean -> compound mean
teacher,3.33,3.33,0,258,distance within module/rotation/seed -> equal module/rotation/seed mean -> compound mean
teacher,3.33,10,0.365031519752,258,distance within module/rotation/seed -> equal module/rotation/seed mean -> compound mean
teacher,10,0.04,0.713520003484,258,distance within module/rotation/seed -> equal module/rotation/seed mean -> compound mean
teacher,10,0.12,0.664866379055,258,distance within module/rotation/seed -> equal module/rotation/seed mean -> compound mean
teacher,10,0.37,0.631608321693,258,distance within module/rotation/seed -> equal module/rotation/seed mean -> compound mean
teacher,10,1.11,0.526391483944,258,distance within module/rotation/seed -> equal module/rotation/seed mean -> compound mean
teacher,10,3.33,0.365031519752,258,distance within module/rotation/seed -> equal module/rotation/seed mean -> compound mean
teacher,10,10,0,258,distance within module/rotation/seed -> equal module/rotation/seed mean -> compound mean
posterior,0.04,0.04,0,258,distance within module/rotation/seed -> equal module/rotation/seed mean -> compound mean
posterior,0.04,0.12,0.264497429026,258,distance within module/rotation/seed -> equal module/rotation/seed mean -> compound mean
posterior,0.04,0.37,0.368072891981,258,distance within module/rotation/seed -> equal module/rotation/seed mean -> compound mean
posterior,0.04,1.11,0.435076653368,258,distance within module/rotation/seed -> equal module/rotation/seed mean -> compound mean
posterior,0.04,3.33,0.540212224234,258,distance within module/rotation/seed -> equal module/rotation/seed mean -> compound mean
posterior,0.04,10,0.70866193918,258,distance within module/rotation/seed -> equal module/rotation/seed mean -> compound mean
posterior,0.12,0.04,0.264497429026,258,distance within module/rotation/seed -> equal module/rotation/seed mean -> compound mean
posterior,0.12,0.12,0,258,distance within module/rotation/seed -> equal module/rotation/seed mean -> compound mean
posterior,0.12,0.37,0.299167797385,258,distance within module/rotation/seed -> equal module/rotation/seed mean -> compound mean
posterior,0.12,1.11,0.3439341725,258,distance within module/rotation/seed -> equal module/rotation/seed mean -> compound mean
posterior,0.12,3.33,0.4474648678,258,distance within module/rotation/seed -> equal module/rotation/seed mean -> compound mean
posterior,0.12,10,0.657373067987,258,distance within module/rotation/seed -> equal module/rotation/seed mean -> compound mean
posterior,0.37,0.04,0.368072891981,258,distance within module/rotation/seed -> equal module/rotation/seed mean -> compound mean
posterior,0.37,0.12,0.299167797385,258,distance within module/rotation/seed -> equal module/rotation/seed mean -> compound mean
posterior,0.37,0.37,0,258,distance within module/rotation/seed -> equal module/rotation/seed mean -> compound mean
posterior,0.37,1.11,0.277392312491,258,distance within module/rotation/seed -> equal module/rotation/seed mean -> compound mean
posterior,0.37,3.33,0.413221443985,258,distance within module/rotation/seed -> equal module/rotation/seed mean -> compound mean
posterior,0.37,10,0.627340971649,258,distance within module/rotation/seed -> equal module/rotation/seed mean -> compound mean
posterior,1.11,0.04,0.435076653368,258,distance within module/rotation/seed -> equal module/rotation/seed mean -> compound mean
posterior,1.11,0.12,0.3439341725,258,distance within module/rotation/seed -> equal module/rotation/seed mean -> compound mean
posterior,1.11,0.37,0.277392312491,258,distance within module/rotation/seed -> equal module/rotation/seed mean -> compound mean
posterior,1.11,1.11,0,258,distance within module/rotation/seed -> equal module/rotation/seed mean -> compound mean
posterior,1.11,3.33,0.315197673832,258,distance within module/rotation/seed -> equal module/rotation/seed mean -> compound mean
posterior,1.11,10,0.519001360366,258,distance within module/rotation/seed -> equal module/rotation/seed mean -> compound mean
posterior,3.33,0.04,0.540212224234,258,distance within module/rotation/seed -> equal module/rotation/seed mean -> compound mean
posterior,3.33,0.12,0.4474648678,258,distance within module/rotation/seed -> equal module/rotation/seed mean -> compound mean
posterior,3.33,0.37,0.413221443985,258,distance within module/rotation/seed -> equal module/rotation/seed mean -> compound mean
posterior,3.33,1.11,0.315197673832,258,distance within module/rotation/seed -> equal module/rotation/seed mean -> compound mean
posterior,3.33,3.33,0,258,distance within module/rotation/seed -> equal module/rotation/seed mean -> compound mean
posterior,3.33,10,0.352492247396,258,distance within module/rotation/seed -> equal module/rotation/seed mean -> compound mean
posterior,10,0.04,0.70866193918,258,distance within module/rotation/seed -> equal module/rotation/seed mean -> compound mean
posterior,10,0.12,0.657373067987,258,distance within module/rotation/seed -> equal module/rotation/seed mean -> compound mean
posterior,10,0.37,0.627340971649,258,distance within module/rotation/seed -> equal module/rotation/seed mean -> compound mean
posterior,10,1.11,0.519001360366,258,distance within module/rotation/seed -> equal module/rotation/seed mean -> compound mean
posterior,10,3.33,0.352492247396,258,distance within module/rotation/seed -> equal module/rotation/seed mean -> compound mean
posterior,10,10,0,258,distance within module/rotation/seed -> equal module/rotation/seed mean -> compound mean
