seed,comparison,endpoint,analysis,group,seed3407,seed42,seed2025,n_compounds,n_common_before_finite_filter,n_excluded_unscorable,point,ci_low,ci_high,rounds,bootstrap_unit,bootstrap_seed,module_weighting
mean,teacher_minus_raw,excess_fisher_z,module,DNA,0.0823618762237,0.0944489596663,0.0810794284567,110,262,152,0.0859634214489,0.0479397612786,0.122444867091,10000,compound,4239184509,
mean,posterior_ge_minus_teacher,excess_fisher_z,module,DNA,0.0118178159577,0.0124769116696,0.0130015590574,110,262,152,0.0124320955616,0.00629339172092,0.0185228948741,10000,compound,181967863,
mean,teacher_minus_raw,excess_fisher_z,module,RNA,0.123771987545,0.132127640766,0.120759998569,110,262,152,0.12555320896,0.084610613158,0.167529141616,10000,compound,3483551926,
mean,posterior_ge_minus_teacher,excess_fisher_z,module,RNA,0.0111388579551,0.0117913986648,0.0143710490832,110,262,152,0.0124337685677,0.00668019236648,0.0180983604946,10000,compound,107961822,
mean,teacher_minus_raw,excess_fisher_z,module,ER,0.144744380834,0.15802958485,0.143660928198,110,262,152,0.148811631294,0.113673515157,0.183396340734,10000,compound,1821139810,
mean,posterior_ge_minus_teacher,excess_fisher_z,module,ER,0.00745015495356,0.00480611172367,0.00638610495131,110,262,152,0.00621412387618,0.00113050038652,0.0109949553278,10000,compound,2435876999,
mean,teacher_minus_raw,excess_fisher_z,module,Mito,0.0778928669571,0.073025603124,0.095089739305,110,262,152,0.082002736462,0.0446681901314,0.119790460714,10000,compound,536154679,
mean,posterior_ge_minus_teacher,excess_fisher_z,module,Mito,0.0134914715725,0.0166320080505,0.0157053403477,110,262,152,0.0152762733236,0.00865127608854,0.0220091938351,10000,compound,4072697098,
mean,teacher_minus_raw,excess_fisher_z,module,AGP,0.148656537529,0.148743774064,0.14816412622,110,262,152,0.148521479271,0.116152031584,0.180679198331,10000,compound,245318839,
mean,posterior_ge_minus_teacher,excess_fisher_z,module,AGP,0.00256385874061,0.00149099955007,0.000929934440421,110,262,152,0.00166159757704,-0.00435082279708,0.00747251107176,10000,compound,2689432140,
mean,teacher_minus_raw,excess_fisher_z,module,Shape,0.228470850666,0.234464241399,0.224788284681,110,262,152,0.229241125582,0.199024036066,0.259078093647,10000,compound,965751754,
mean,posterior_ge_minus_teacher,excess_fisher_z,module,Shape,0.00898202113089,0.0121718973253,0.0110463927936,110,262,152,0.0107334370833,0.00609615197955,0.015209690513,10000,compound,1533431080,
mean,teacher_minus_raw,excess_fisher_z,module,Cross-channel,0.131206004226,0.136557080794,0.140606834563,110,262,152,0.136123306528,0.106514863293,0.166261828844,10000,compound,2438344768,
mean,posterior_ge_minus_teacher,excess_fisher_z,module,Cross-channel,0.00928867200406,0.0103740843785,0.0113702054109,110,262,152,0.0103443205978,0.0061628789333,0.0145457872918,10000,compound,2322129774,
mean,teacher_minus_raw,excess_fisher_z,macro_module,Macro,0.133872071997,0.13962812638,0.13630704857,110,262,152,0.136602415649,0.11262324654,0.160413759142,10000,compound,2570904477,unweighted
mean,posterior_ge_minus_teacher,excess_fisher_z,macro_module,Macro,0.00924755033064,0.00996334448036,0.0104015122978,110,262,152,0.00987080236959,0.00648051889256,0.0131956549468,10000,compound,2107759768,unweighted
