dataset,setting,target_line,n_compounds,metric,comparator_method,raw_mean,raw_ci_low,raw_ci_high,comparator_mean,comparator_ci_low,comparator_ci_high,difference,difference_ci_low,difference_ci_high,bootstrap_draws,ci_unit,ci_status,preferred_direction,metric_status
BBBC047,2R,,4040,full_target_pcc,CFRA+Res,0.2933876133091391,0.28400054855044454,0.30258444382016964,0.30174559932569495,0.29259765033159835,0.3110832337224413,0.008357986016555869,0.00639615973493313,0.010300468127670265,10000,compound,pointwise_95_percent,higher,original_frozen_endpoint
BBBC047,2R,,4040,delta_pcc,CFRA+Res,0.3312935598046876,0.3226859054581198,0.34015186171553047,0.3393501247543279,0.3306629871341635,0.34803406829699735,0.008056564949640342,0.006361429547535581,0.00981765788150194,10000,compound,pointwise_95_percent,higher,original_frozen_endpoint
BBBC047,2R,,4040,raw_target_rmse,CFRA+Res,0.7706118451347362,0.7592555438160469,0.7822189064803925,0.7665372335477137,0.7552101751695671,0.7779400812282838,-0.004074611587022484,-0.005382551482014416,-0.0027826930769612687,10000,compound,pointwise_95_percent,lower,posthoc_frozen_prediction_supplement
BBBC047,2R,,3915,E,CFRA+Res,0.21877020354025964,0.20414584908669717,0.23328064985295874,0.2383766832841957,0.22388396095210736,0.2531259984876673,0.019606479743936076,0.01630618379209541,0.022867069344918573,10000,compound,pointwise_95_percent,higher,original_frozen_endpoint
BBBC047,3R,,4000,full_target_pcc,CFRA+Res,0.3425191575260295,0.3331330494238749,0.3516547789146063,0.34995518695478917,0.34064423466501415,0.3591217843559667,0.007436029428759626,0.0053165975663369575,0.00959585219909579,10000,compound,pointwise_95_percent,higher,original_frozen_endpoint
BBBC047,3R,,4000,delta_pcc,CFRA+Res,0.3833604383222117,0.37420531222951076,0.39225260023277175,0.39222032163121234,0.38337291164059956,0.40100632907078937,0.008859883309000683,0.006888886144257309,0.010859054268838281,10000,compound,pointwise_95_percent,higher,original_frozen_endpoint
BBBC047,3R,,4000,raw_target_rmse,CFRA+Res,0.6818014441040304,0.6718834335149187,0.6922267517104355,0.6754759120525601,0.6656277405726072,0.6857398929168005,-0.00632553205147028,-0.0075895431368246166,-0.005071892545189891,10000,compound,pointwise_95_percent,lower,posthoc_frozen_prediction_supplement
BBBC047,3R,,3874,E,CFRA+Res,0.2765191347637375,0.2612489826651737,0.29164324336792585,0.29039312737223505,0.2749473716506113,0.3057887063160759,0.013873992608497605,0.01029158035841459,0.01743627311934444,10000,compound,pointwise_95_percent,higher,original_frozen_endpoint
BBBC047,4R,,3606,full_target_pcc,CFRA+Res,0.3723451107720927,0.3623295197429046,0.3822925026063224,0.37915736243722853,0.36909248342895223,0.38918143620220463,0.006812251665135853,0.004327372862715699,0.009190166690068358,10000,compound,pointwise_95_percent,higher,original_frozen_endpoint
BBBC047,4R,,3606,delta_pcc,CFRA+Res,0.4161806373226297,0.40656764103852866,0.42567537356144236,0.42638991438489493,0.416994811530231,0.4359582967478806,0.01020927706226522,0.008100681043331781,0.01242088160868355,10000,compound,pointwise_95_percent,higher,original_frozen_endpoint
BBBC047,4R,,3606,raw_target_rmse,CFRA+Res,0.63828363023123,0.6279830854991736,0.6487018782324764,0.6314424272685341,0.6212980149775003,0.6418089441254715,-0.006841202962695833,-0.008134849100986616,-0.0055351450632876555,10000,compound,pointwise_95_percent,lower,posthoc_frozen_prediction_supplement
BBBC047,4R,,3478,E,CFRA+Res,0.3167858381409134,0.29965886762103816,0.33393008213225495,0.32716944703455353,0.30992436969597525,0.3446473547724392,0.010383608893640138,0.0064780999241872824,0.014274460118287032,10000,compound,pointwise_95_percent,higher,original_frozen_endpoint
