dataset,setting,target_line,n_compounds,metric,comparator_method,raw_mean,raw_ci_low,raw_ci_high,comparator_mean,comparator_ci_low,comparator_ci_high,difference,difference_ci_low,difference_ci_high,bootstrap_draws,ci_unit,ci_status,preferred_direction,metric_status
sci-Plex3,Unseen,A549,36,full_target_pcc,CFRA,0.8231182213130286,0.8188483993304677,0.8273633195545642,0.8277351048565745,0.8234790837441119,0.8319931964343344,0.004616883543546064,0.004422169524722483,0.004796267541483771,10000,drug_within_target_line,pointwise_95_percent,higher,original_frozen_endpoint
sci-Plex3,Unseen,A549,36,delta_pcc,CFRA,0.004927820335731061,0.00045610538862499064,0.009472144831478457,0.004414424599594314,-0.0006503522316021596,0.00948779731256656,-0.0005133957361367411,-0.004720610020149184,0.003546409632707352,10000,drug_within_target_line,pointwise_95_percent,higher,original_frozen_endpoint
sci-Plex3,Unseen,A549,36,raw_target_rmse,CFRA,0.8318053299471693,0.8201981022206717,0.8437413074610819,0.8225895562901893,0.8107089569355329,0.8347266050104942,-0.009215773656979974,-0.009713066615929678,-0.008720178007480161,10000,drug_within_target_line,pointwise_95_percent,lower,posthoc_frozen_prediction_supplement
sci-Plex3,Unseen,K562,36,full_target_pcc,CFRA,0.7899268041576177,0.7848240042857259,0.7945827661228974,0.7937453881274524,0.7887038399682532,0.7983881736753339,0.0038185839698345325,0.003653300897413432,0.003985059049893982,10000,drug_within_target_line,pointwise_95_percent,higher,original_frozen_endpoint
sci-Plex3,Unseen,K562,36,delta_pcc,CFRA,0.0035426082624405255,-0.001764657339845115,0.008962272254159506,0.010127450495201902,0.005192401754171287,0.015237214674707756,0.006584842232761377,0.004631377336027159,0.008624984639433123,10000,drug_within_target_line,pointwise_95_percent,higher,original_frozen_endpoint
sci-Plex3,Unseen,K562,36,raw_target_rmse,CFRA,0.87602439838407,0.8645523489339978,0.8886633430614178,0.8699482175684731,0.8583072858089099,0.8827563447711845,-0.006076180815596873,-0.0065680075595326735,-0.005599556174607395,10000,drug_within_target_line,pointwise_95_percent,lower,posthoc_frozen_prediction_supplement
sci-Plex3,Unseen,MCF7,36,full_target_pcc,CFRA,0.9051564318087159,0.900665257135103,0.9091353281247845,0.9154447797748327,0.9109208156695168,0.9194351999537587,0.010288347966116848,0.010024368411578678,0.010550643555826343,10000,drug_within_target_line,pointwise_95_percent,higher,original_frozen_endpoint
sci-Plex3,Unseen,MCF7,36,delta_pcc,CFRA,0.012040862883199685,0.007466255814671472,0.016804760534613734,0.014274976592935291,0.00943596715567398,0.019088263133271572,0.0022341137097356203,-4.764033636771494e-05,0.0045227744028925035,10000,drug_within_target_line,pointwise_95_percent,higher,original_frozen_endpoint
sci-Plex3,Unseen,MCF7,36,raw_target_rmse,CFRA,0.5394469390875393,0.5299411197143725,0.5502624313757587,0.5030275498905721,0.49265421629035444,0.5148570251363116,-0.03641938919696729,-0.03767574668204603,-0.03506128356826811,10000,drug_within_target_line,pointwise_95_percent,lower,posthoc_frozen_prediction_supplement
sci-Plex3,Seen,A549,183,full_target_pcc,CFRA,0.8172753959407524,0.8138409223426161,0.820356613142547,0.8228549646061487,0.8193257029389829,0.8259865833823367,0.0055795686653963405,0.005414936225205629,0.005737443899962199,10000,drug_within_target_line,pointwise_95_percent,higher,original_frozen_endpoint
sci-Plex3,Seen,A549,183,delta_pcc,CFRA,0.00940337330406444,0.006016875900823067,0.013186276490128934,0.007954291292604729,0.004576021859382981,0.011694398723985524,-0.0014490820114597164,-0.0033615825836650266,0.0004069601289342729,10000,drug_within_target_line,pointwise_95_percent,higher,original_frozen_endpoint
sci-Plex3,Seen,A549,183,raw_target_rmse,CFRA,0.8437535793678523,0.836492182555629,0.8516917504341893,0.832450310910773,0.8250170258759598,0.8406410086787247,-0.011303268457079206,-0.011649128759504643,-0.010936257881268705,10000,drug_within_target_line,pointwise_95_percent,lower,posthoc_frozen_prediction_supplement
sci-Plex3,Seen,K562,183,full_target_pcc,CFRA,0.7868830034941036,0.7828733636885598,0.7904210352558019,0.7910283400496729,0.7869685031116964,0.7946279860921561,0.004145336555569208,0.004028993759708132,0.0042501937649561915,10000,drug_within_target_line,pointwise_95_percent,higher,original_frozen_endpoint
sci-Plex3,Seen,K562,183,delta_pcc,CFRA,0.0045942896649003966,0.0012920737156354623,0.008197578736096783,0.011879862402329303,0.008594827653315866,0.015411881074067378,0.0072855727374289275,0.006094537299897199,0.008461133909469632,10000,drug_within_target_line,pointwise_95_percent,higher,original_frozen_endpoint
sci-Plex3,Seen,K562,183,raw_target_rmse,CFRA,0.881006743147954,0.8729154731367197,0.8900292413017982,0.8735856606314107,0.8653876703127454,0.8827902377318618,-0.007421082516543301,-0.007661919844120466,-0.007164139571882628,10000,drug_within_target_line,pointwise_95_percent,lower,posthoc_frozen_prediction_supplement
sci-Plex3,Seen,MCF7,183,full_target_pcc,CFRA,0.8971462858222665,0.8930217897868267,0.9006657427568906,0.9086854674448035,0.9044253754142845,0.9123124391517646,0.011539181622536835,0.01130399867112783,0.011765636875890828,10000,drug_within_target_line,pointwise_95_percent,higher,original_frozen_endpoint
sci-Plex3,Seen,MCF7,183,delta_pcc,CFRA,0.012703673108063645,0.010599724575878116,0.01476456962938461,0.013108341317401314,0.010826644735346681,0.01532380734985046,0.000404668209337665,-0.0012367860313828778,0.002022694274397506,10000,drug_within_target_line,pointwise_95_percent,higher,original_frozen_endpoint
sci-Plex3,Seen,MCF7,183,raw_target_rmse,CFRA,0.5604529501860926,0.5527717226008894,0.5693983540358643,0.5208151770968856,0.5123810438047135,0.5304775585128844,-0.03963777308920695,-0.040625090121966315,-0.03861279689175102,10000,drug_within_target_line,pointwise_95_percent,lower,posthoc_frozen_prediction_supplement
