seed,task,variant,contrast,method_a,method_b,metric,compound_count,query_count,point,ci_low,ci_high,rounds
3407,moa,base,teacher_minus_raw,teacher,raw,map,140,1678,-0.0012454814368665914,-0.004715113106171239,0.002187264497742535,10000
3407,moa,base,teacher_minus_raw,teacher,raw,p_at_1,140,1678,0.002976190476190477,-0.014285714285714284,0.022023809523809525,10000
3407,moa,base,teacher_minus_raw,teacher,raw,p_at_5,140,1678,-0.008214285714285717,-0.01476190476190476,-0.002023809523809524,10000
3407,moa,base,teacher_minus_raw,teacher,raw,recall_at_10,140,1678,-0.001304863982331066,-0.005353982569000937,0.0024743814931154754,10000
3407,moa,base,teacher_minus_raw,teacher,raw,first_rank,140,1678,3.619047619047619,-2.120491071428572,9.375639880952379,10000
3407,moa,base,teacher_minus_raw,teacher,raw,enrichment_at_10,140,1678,-0.15705529695244225,-0.6591943770008886,0.2945472912186179,10000
42,moa,base,teacher_minus_raw,teacher,raw,map,140,1678,-0.0010615716020547855,-0.004320150252834272,0.0022284003390790445,10000
42,moa,base,teacher_minus_raw,teacher,raw,p_at_1,140,1678,-0.005952380952380952,-0.019642857142857142,0.008928571428571428,10000
42,moa,base,teacher_minus_raw,teacher,raw,p_at_5,140,1678,-0.007738095238095239,-0.013928571428571429,-0.002023809523809524,10000
42,moa,base,teacher_minus_raw,teacher,raw,recall_at_10,140,1678,-0.0004513222410053229,-0.004754470282376512,0.004067286245747103,10000
42,moa,base,teacher_minus_raw,teacher,raw,first_rank,140,1678,1.8199999999999996,-3.487866071428571,7.323877976190476,10000
42,moa,base,teacher_minus_raw,teacher,raw,enrichment_at_10,140,1678,-0.054170062318107975,-0.5818457950206934,0.47347013042933384,10000
2025,moa,base,teacher_minus_raw,teacher,raw,map,140,1678,-0.0017937069902701603,-0.005229129072690254,0.001668190310227237,10000
2025,moa,base,teacher_minus_raw,teacher,raw,p_at_1,140,1678,-0.008333333333333333,-0.023809523809523808,0.006547619047619049,10000
2025,moa,base,teacher_minus_raw,teacher,raw,p_at_5,140,1678,-0.007499999999999999,-0.014166666666666668,-0.0011904761904761906,10000
2025,moa,base,teacher_minus_raw,teacher,raw,recall_at_10,140,1678,-0.00027272570820353914,-0.004292318964293485,0.003751103047364092,10000
2025,moa,base,teacher_minus_raw,teacher,raw,first_rank,140,1678,3.4595238095238097,-2.6852529761904758,9.802976190476189,10000
2025,moa,base,teacher_minus_raw,teacher,raw,enrichment_at_10,140,1678,-0.03231944600271729,-0.5088273783649376,0.4669924943804844,10000
mean_seeds,moa,base,teacher_minus_raw,teacher,raw,map,140,420,-0.0013669200097305122,-0.004629473388201335,0.0018009417862871917,10000
mean_seeds,moa,base,teacher_minus_raw,teacher,raw,p_at_1,140,420,-0.003769841269841269,-0.018055555555555554,0.011309523809523813,10000
mean_seeds,moa,base,teacher_minus_raw,teacher,raw,p_at_5,140,420,-0.007817460317460318,-0.013928571428571429,-0.0021428571428571434,10000
mean_seeds,moa,base,teacher_minus_raw,teacher,raw,recall_at_10,140,420,-0.0006763039771799758,-0.004575576293256025,0.0031408443156985323,10000
mean_seeds,moa,base,teacher_minus_raw,teacher,raw,first_rank,140,420,2.966190476190477,-2.5549821428571424,8.436185515873015,10000
mean_seeds,moa,base,teacher_minus_raw,teacher,raw,enrichment_at_10,140,420,-0.0811816017577558,-0.5498605561733212,0.3710372326146129,10000
3407,moa,base,posterior_ge_minus_teacher,posterior_ge,teacher,map,140,1676,0.0010538855855942771,0.00015641958437250615,0.002142303405594256,10000
3407,moa,base,posterior_ge_minus_teacher,posterior_ge,teacher,p_at_1,140,1676,-0.004166666666666666,-0.01130952380952381,0.0023809523809523803,10000
3407,moa,base,posterior_ge_minus_teacher,posterior_ge,teacher,p_at_5,140,1676,0.0025,0.00035714285714285747,0.0047619047619047615,10000
3407,moa,base,posterior_ge_minus_teacher,posterior_ge,teacher,recall_at_10,140,1676,0.0014269945549866675,0.00022355440529540986,0.002692639773311631,10000
3407,moa,base,posterior_ge_minus_teacher,posterior_ge,teacher,first_rank,140,1676,-0.7407142857142854,-2.072711309523809,0.6474494047619039,10000
3407,moa,base,posterior_ge_minus_teacher,posterior_ge,teacher,enrichment_at_10,140,1676,0.172748311841243,0.025912189471856875,0.32750047080302236,10000
42,moa,base,posterior_ge_minus_teacher,posterior_ge,teacher,map,140,1676,0.0015391055251519495,0.000415872300897867,0.0029891193549241176,10000
42,moa,base,posterior_ge_minus_teacher,posterior_ge,teacher,p_at_1,140,1676,0.0023809523809523807,-0.002976190476190476,0.0077380952380952375,10000
42,moa,base,posterior_ge_minus_teacher,posterior_ge,teacher,p_at_5,140,1676,0.003952380952380953,0.001452380952380953,0.00669047619047619,10000
42,moa,base,posterior_ge_minus_teacher,posterior_ge,teacher,recall_at_10,140,1676,0.0015280371662182968,-0.00019363804620679695,0.003562334013952101,10000
42,moa,base,posterior_ge_minus_teacher,posterior_ge,teacher,first_rank,140,1676,-1.3796428571428574,-2.9350744047619046,0.11989285714285686,10000
42,moa,base,posterior_ge_minus_teacher,posterior_ge,teacher,enrichment_at_10,140,1676,0.1848698727314236,-0.023102146643255494,0.4413593880541802,10000
2025,moa,base,posterior_ge_minus_teacher,posterior_ge,teacher,map,140,1676,0.002438214253431379,0.0009943218108578262,0.0043467553631636735,10000
2025,moa,base,posterior_ge_minus_teacher,posterior_ge,teacher,p_at_1,140,1676,0.007142857142857143,0.0011904761904761904,0.013095238095238096,10000
2025,moa,base,posterior_ge_minus_teacher,posterior_ge,teacher,p_at_5,140,1676,0.0032380952380952383,0.0002857142857142856,0.006571428571428571,10000
2025,moa,base,posterior_ge_minus_teacher,posterior_ge,teacher,recall_at_10,140,1676,0.0011091985375680017,-0.0005740926651634537,0.002884117948877482,10000
2025,moa,base,posterior_ge_minus_teacher,posterior_ge,teacher,first_rank,140,1676,-1.077738095238095,-2.770610119047619,0.6272619047619048,10000
2025,moa,base,posterior_ge_minus_teacher,posterior_ge,teacher,enrichment_at_10,140,1676,0.13433959060296163,-0.06988951875527531,0.3446194820533003,10000
mean_seeds,moa,base,posterior_ge_minus_teacher,posterior_ge,teacher,map,140,420,0.0016770684547258682,0.0006108189094876041,0.0030892016710324863,10000
mean_seeds,moa,base,posterior_ge_minus_teacher,posterior_ge,teacher,p_at_1,140,420,0.0017857142857142852,-0.002380952380952381,0.005952380952380952,10000
mean_seeds,moa,base,posterior_ge_minus_teacher,posterior_ge,teacher,p_at_5,140,420,0.0032301587301587303,0.0012698412698412696,0.005452579365079363,10000
mean_seeds,moa,base,posterior_ge_minus_teacher,posterior_ge,teacher,recall_at_10,140,420,0.001354743419590989,0.00017478829289783646,0.0027523270410420037,10000
mean_seeds,moa,base,posterior_ge_minus_teacher,posterior_ge,teacher,first_rank,140,420,-1.066031746031746,-2.4023422619047623,0.271912698412698,10000
mean_seeds,moa,base,posterior_ge_minus_teacher,posterior_ge,teacher,enrichment_at_10,140,420,0.16398592505854273,0.021320165300202573,0.3263381896095468,10000
3407,moa,base,virtual_prior_minus_raw,virtual_prior,raw,map,140,1678,-0.023726765110952848,-0.037634473604276075,-0.012158732742737018,10000
3407,moa,base,virtual_prior_minus_raw,virtual_prior,raw,p_at_1,140,1678,-0.04583333333333334,-0.07440476190476192,-0.01845238095238095,10000
3407,moa,base,virtual_prior_minus_raw,virtual_prior,raw,p_at_5,140,1678,-0.039047619047619046,-0.060119047619047614,-0.020949404761904808,10000
3407,moa,base,virtual_prior_minus_raw,virtual_prior,raw,recall_at_10,140,1678,-0.025632268221324386,-0.03996497331509947,-0.013554200548237976,10000
3407,moa,base,virtual_prior_minus_raw,virtual_prior,raw,first_rank,140,1678,34.818690476190476,19.490705357142858,50.65407738095236,10000
3407,moa,base,virtual_prior_minus_raw,virtual_prior,raw,enrichment_at_10,140,1678,-3.098575831313035,-4.74949828552516,-1.6394353964644108,10000
42,moa,base,virtual_prior_minus_raw,virtual_prior,raw,map,140,1678,-0.024140589013058954,-0.038178581885686326,-0.012328057366101092,10000
42,moa,base,virtual_prior_minus_raw,virtual_prior,raw,p_at_1,140,1678,-0.052976190476190475,-0.08095238095238094,-0.026785714285714284,10000
42,moa,base,virtual_prior_minus_raw,virtual_prior,raw,p_at_5,140,1678,-0.04119047619047619,-0.06143154761904762,-0.02345238095238095,10000
42,moa,base,virtual_prior_minus_raw,virtual_prior,raw,recall_at_10,140,1678,-0.027246180786010984,-0.04161731070115529,-0.014628524825338945,10000
42,moa,base,virtual_prior_minus_raw,virtual_prior,raw,first_rank,140,1678,35.23583333333333,20.08800892857143,50.463988095238086,10000
42,moa,base,virtual_prior_minus_raw,virtual_prior,raw,enrichment_at_10,140,1678,-3.2935847053492435,-5.0992439276689625,-1.7814667178766388,10000
2025,moa,base,virtual_prior_minus_raw,virtual_prior,raw,map,140,1678,-0.02348926671992925,-0.03715519560436565,-0.012019484922181968,10000
2025,moa,base,virtual_prior_minus_raw,virtual_prior,raw,p_at_1,140,1678,-0.05416666666666667,-0.08333333333333333,-0.027976190476190474,10000
2025,moa,base,virtual_prior_minus_raw,virtual_prior,raw,p_at_5,140,1678,-0.03809523809523809,-0.058217261904761904,-0.020476190476190474,10000
2025,moa,base,virtual_prior_minus_raw,virtual_prior,raw,recall_at_10,140,1678,-0.025590950347797008,-0.03994971154409972,-0.01338230615299235,10000
2025,moa,base,virtual_prior_minus_raw,virtual_prior,raw,first_rank,140,1678,37.3575,22.33624404761905,52.80605654761905,10000
2025,moa,base,virtual_prior_minus_raw,virtual_prior,raw,enrichment_at_10,140,1678,-3.0934551843629703,-4.882047138657251,-1.558741633889847,10000
mean_seeds,moa,base,virtual_prior_minus_raw,virtual_prior,raw,map,140,420,-0.023785540281313685,-0.038021113084115196,-0.012027768580842585,10000
mean_seeds,moa,base,virtual_prior_minus_raw,virtual_prior,raw,p_at_1,140,420,-0.0509920634920635,-0.07876984126984128,-0.0251984126984127,10000
mean_seeds,moa,base,virtual_prior_minus_raw,virtual_prior,raw,p_at_5,140,420,-0.03944444444444444,-0.060119047619047614,-0.021904761904761906,10000
mean_seeds,moa,base,virtual_prior_minus_raw,virtual_prior,raw,recall_at_10,140,420,-0.026156466451710787,-0.04037969550940184,-0.014017673930243307,10000
mean_seeds,moa,base,virtual_prior_minus_raw,virtual_prior,raw,first_rank,140,420,35.804007936507944,20.550088293650795,50.78600198412696,10000
mean_seeds,moa,base,virtual_prior_minus_raw,virtual_prior,raw,enrichment_at_10,140,420,-3.161871907008416,-4.916419481167165,-1.6775627565852156,10000
3407,moa,base,posterior_ge_minus_raw,posterior_ge,raw,map,140,1676,-0.0001517206448541566,-0.0032000293650199406,0.003001036807112063,10000
3407,moa,base,posterior_ge_minus_raw,posterior_ge,raw,p_at_1,140,1676,-0.0007142857142857149,-0.014880952380952378,0.014880952380952378,10000
3407,moa,base,posterior_ge_minus_raw,posterior_ge,raw,p_at_5,140,1676,-0.005666666666666667,-0.01119047619047619,-0.0003571428571428571,10000
3407,moa,base,posterior_ge_minus_raw,posterior_ge,raw,recall_at_10,140,1676,0.0001776861282111569,-0.0034059818335994054,0.0038641962054635133,10000
3407,moa,base,posterior_ge_minus_raw,posterior_ge,raw,first_rank,140,1676,2.8645238095238095,-2.9817857142857136,8.777595238095238,10000
3407,moa,base,posterior_ge_minus_raw,posterior_ge,raw,enrichment_at_10,140,1676,0.022373967269753135,-0.4238898334440592,0.45529520413115543,10000
42,moa,base,posterior_ge_minus_raw,posterior_ge,raw,map,140,1676,0.0005170853755917717,-0.002580113050540812,0.00374328669953327,10000
42,moa,base,posterior_ge_minus_raw,posterior_ge,raw,p_at_1,140,1676,-0.0032142857142857134,-0.0175,0.011666666666666667,10000
42,moa,base,posterior_ge_minus_raw,posterior_ge,raw,p_at_5,140,1676,-0.003785714285714286,-0.009857142857142856,0.0020238095238095236,10000
42,moa,base,posterior_ge_minus_raw,posterior_ge,raw,recall_at_10,140,1676,0.001116397464895514,-0.00290994089328247,0.005285452781601655,10000
42,moa,base,posterior_ge_minus_raw,posterior_ge,raw,first_rank,140,1676,0.45035714285714284,-5.291547619047619,6.404119047619045,10000
42,moa,base,posterior_ge_minus_raw,posterior_ge,raw,enrichment_at_10,140,1676,0.13545695327045854,-0.34286572983843017,0.6426790376573155,10000
2025,moa,base,posterior_ge_minus_raw,posterior_ge,raw,map,140,1676,0.000673017001909046,-0.0024539355076565006,0.004173533992737731,10000
2025,moa,base,posterior_ge_minus_raw,posterior_ge,raw,p_at_1,140,1676,-0.0008333333333333344,-0.016428571428571428,0.015000000000000001,10000
2025,moa,base,posterior_ge_minus_raw,posterior_ge,raw,p_at_5,140,1676,-0.004261904761904762,-0.00988154761904762,0.0013333333333333335,10000
2025,moa,base,posterior_ge_minus_raw,posterior_ge,raw,recall_at_10,140,1676,0.0008840918769835107,-0.0029786758305498356,0.0053649919350573436,10000
2025,moa,base,posterior_ge_minus_raw,posterior_ge,raw,first_rank,140,1676,2.4058333333333333,-3.950517857142857,8.82048511904762,10000
2025,moa,base,posterior_ge_minus_raw,posterior_ge,raw,enrichment_at_10,140,1676,0.10773919221929197,-0.35994425741144664,0.6392864691439183,10000
mean_seeds,moa,base,posterior_ge_minus_raw,posterior_ge,raw,map,140,420,0.0003461272442155539,-0.002703405563211974,0.0034810591477925025,10000
mean_seeds,moa,base,posterior_ge_minus_raw,posterior_ge,raw,p_at_1,140,420,-0.0015873015873015875,-0.01507936507936508,0.013095238095238096,10000
mean_seeds,moa,base,posterior_ge_minus_raw,posterior_ge,raw,p_at_5,140,420,-0.004571428571428571,-0.00992876984126984,0.0006746031746031745,10000
mean_seeds,moa,base,posterior_ge_minus_raw,posterior_ge,raw,recall_at_10,140,420,0.0007260584900300604,-0.002869444638057116,0.004502475481787533,10000
mean_seeds,moa,base,posterior_ge_minus_raw,posterior_ge,raw,first_rank,140,420,1.9069047619047612,-4.1017182539682535,7.790496031746029,10000
mean_seeds,moa,base,posterior_ge_minus_raw,posterior_ge,raw,enrichment_at_10,140,420,0.08852337091983459,-0.3477263106845294,0.5431025237896221,10000
3407,moa,scaffold_excluded,teacher_minus_raw,teacher,raw,map,140,1678,-0.0016259765003077556,-0.005259015853817467,0.0017123581130716727,10000
3407,moa,scaffold_excluded,teacher_minus_raw,teacher,raw,p_at_1,140,1678,-0.007142857142857143,-0.02321428571428572,0.009523809523809523,10000
3407,moa,scaffold_excluded,teacher_minus_raw,teacher,raw,p_at_5,140,1678,-0.007619047619047621,-0.014166666666666668,-0.0015476190476190477,10000
3407,moa,scaffold_excluded,teacher_minus_raw,teacher,raw,recall_at_10,140,1678,-0.002033712322466162,-0.006547720280713463,0.0022104256765578603,10000
3407,moa,scaffold_excluded,teacher_minus_raw,teacher,raw,first_rank,140,1678,2.6726190476190466,-3.2631250000000005,8.968482142857143,10000
3407,moa,scaffold_excluded,teacher_minus_raw,teacher,raw,enrichment_at_10,140,1678,-0.2140829533762073,-0.6851921751203998,0.2333420360952549,10000
42,moa,scaffold_excluded,teacher_minus_raw,teacher,raw,map,140,1678,-0.0011808903812895173,-0.004503573361232355,0.0021624801297917295,10000
42,moa,scaffold_excluded,teacher_minus_raw,teacher,raw,p_at_1,140,1678,-0.010119047619047618,-0.023809523809523808,0.002976190476190475,10000
42,moa,scaffold_excluded,teacher_minus_raw,teacher,raw,p_at_5,140,1678,-0.007023809523809523,-0.013214285714285713,-0.0013095238095238095,10000
42,moa,scaffold_excluded,teacher_minus_raw,teacher,raw,recall_at_10,140,1678,-0.0007110710083819012,-0.005470997319295598,0.0039071778238835685,10000
42,moa,scaffold_excluded,teacher_minus_raw,teacher,raw,first_rank,140,1678,2.0309523809523813,-4.36686011904762,8.818601190476189,10000
42,moa,scaffold_excluded,teacher_minus_raw,teacher,raw,enrichment_at_10,140,1678,-0.07595165102189998,-0.57701798259859,0.4166151973471292,10000
2025,moa,scaffold_excluded,teacher_minus_raw,teacher,raw,map,140,1678,-0.0019587284360736423,-0.005587959015043363,0.001476757349017358,10000
2025,moa,scaffold_excluded,teacher_minus_raw,teacher,raw,p_at_1,140,1678,-0.014285714285714285,-0.02857142857142857,-1.5761201867447862e-18,10000
2025,moa,scaffold_excluded,teacher_minus_raw,teacher,raw,p_at_5,140,1678,-0.005714285714285713,-0.012023809523809523,0.0004761904761904763,10000
2025,moa,scaffold_excluded,teacher_minus_raw,teacher,raw,recall_at_10,140,1678,-0.0006507281044952438,-0.0048537147639919915,0.003689939394193207,10000
2025,moa,scaffold_excluded,teacher_minus_raw,teacher,raw,first_rank,140,1678,2.817261904761905,-3.540580357142858,9.83095238095238,10000
2025,moa,scaffold_excluded,teacher_minus_raw,teacher,raw,enrichment_at_10,140,1678,-0.06804819523807558,-0.5188825952279708,0.3947857192083173,10000
mean_seeds,moa,scaffold_excluded,teacher_minus_raw,teacher,raw,map,140,420,-0.0015885317725569718,-0.004928942062799334,0.0016088008658000452,10000
mean_seeds,moa,scaffold_excluded,teacher_minus_raw,teacher,raw,p_at_1,140,420,-0.010515873015873015,-0.023809523809523808,0.0025843253968253267,10000
mean_seeds,moa,scaffold_excluded,teacher_minus_raw,teacher,raw,p_at_5,140,420,-0.0067857142857142855,-0.012658730158730157,-0.0012301587301587306,10000
mean_seeds,moa,scaffold_excluded,teacher_minus_raw,teacher,raw,recall_at_10,140,420,-0.0011318371451144353,-0.00551463157340797,0.003019995826627617,10000
mean_seeds,moa,scaffold_excluded,teacher_minus_raw,teacher,raw,first_rank,140,420,2.5069444444444446,-3.6314484126984126,9.028804563492065,10000
mean_seeds,moa,scaffold_excluded,teacher_minus_raw,teacher,raw,enrichment_at_10,140,420,-0.11936093321206097,-0.5756081787870614,0.3262223809415316,10000
3407,moa,scaffold_excluded,posterior_ge_minus_teacher,posterior_ge,teacher,map,140,1676,0.0011770312579505997,0.00021463999519711878,0.00237602842946386,10000
3407,moa,scaffold_excluded,posterior_ge_minus_teacher,posterior_ge,teacher,p_at_1,140,1676,-0.0011904761904761906,-0.0077380952380952375,0.005372023809523595,10000
3407,moa,scaffold_excluded,posterior_ge_minus_teacher,posterior_ge,teacher,p_at_5,140,1676,0.0027380952380952383,0.0008333333333333331,0.004761904761904762,10000
3407,moa,scaffold_excluded,posterior_ge_minus_teacher,posterior_ge,teacher,recall_at_10,140,1676,0.0015180529556819101,0.00017872541350768314,0.002977002446542438,10000
3407,moa,scaffold_excluded,posterior_ge_minus_teacher,posterior_ge,teacher,first_rank,140,1676,-0.8109523809523809,-2.095845238095238,0.5233630952380949,10000
3407,moa,scaffold_excluded,posterior_ge_minus_teacher,posterior_ge,teacher,enrichment_at_10,140,1676,0.16177486371904934,0.016888461482719063,0.31833790241117776,10000
42,moa,scaffold_excluded,posterior_ge_minus_teacher,posterior_ge,teacher,map,140,1676,0.0016068470300368424,0.00041776748168534904,0.0032582331766443217,10000
42,moa,scaffold_excluded,posterior_ge_minus_teacher,posterior_ge,teacher,p_at_1,140,1676,0.0011904761904761901,-0.004166666666666667,0.006547619047619048,10000
42,moa,scaffold_excluded,posterior_ge_minus_teacher,posterior_ge,teacher,p_at_5,140,1676,0.0031190476190476194,0.0007380952380952381,0.005666666666666667,10000
42,moa,scaffold_excluded,posterior_ge_minus_teacher,posterior_ge,teacher,recall_at_10,140,1676,0.000661480074832112,-0.0013091814647008032,0.00313275542705293,10000
42,moa,scaffold_excluded,posterior_ge_minus_teacher,posterior_ge,teacher,first_rank,140,1676,-1.7339285714285715,-3.2208333333333337,-0.31068452380952427,10000
42,moa,scaffold_excluded,posterior_ge_minus_teacher,posterior_ge,teacher,enrichment_at_10,140,1676,0.070277532135524,-0.1386694806459809,0.3274338166712425,10000
2025,moa,scaffold_excluded,posterior_ge_minus_teacher,posterior_ge,teacher,map,140,1676,0.002460399666103357,0.0009182983488375602,0.0044761547640749565,10000
2025,moa,scaffold_excluded,posterior_ge_minus_teacher,posterior_ge,teacher,p_at_1,140,1676,0.005357142857142857,0.0,0.011309523809523808,10000
2025,moa,scaffold_excluded,posterior_ge_minus_teacher,posterior_ge,teacher,p_at_5,140,1676,0.0013333333333333333,-0.0014285714285714286,0.004285714285714286,10000
2025,moa,scaffold_excluded,posterior_ge_minus_teacher,posterior_ge,teacher,recall_at_10,140,1676,0.0009070932161030714,-0.0009089783653199592,0.0028264935189157374,10000
2025,moa,scaffold_excluded,posterior_ge_minus_teacher,posterior_ge,teacher,first_rank,140,1676,-1.0041666666666664,-2.649544642857143,0.6534970238095231,10000
2025,moa,scaffold_excluded,posterior_ge_minus_teacher,posterior_ge,teacher,enrichment_at_10,140,1676,0.09714510654723471,-0.0997248084124501,0.3015749497544801,10000
mean_seeds,moa,scaffold_excluded,posterior_ge_minus_teacher,posterior_ge,teacher,map,140,420,0.0017480926513636,0.0006177105529545797,0.0031860730283401932,10000
mean_seeds,moa,scaffold_excluded,posterior_ge_minus_teacher,posterior_ge,teacher,p_at_1,140,420,0.0017857142857142857,-0.0021825396825396826,0.005753968253968254,10000
mean_seeds,moa,scaffold_excluded,posterior_ge_minus_teacher,posterior_ge,teacher,p_at_5,140,420,0.0023968253968253968,0.0005952380952380952,0.00446031746031746,10000
mean_seeds,moa,scaffold_excluded,posterior_ge_minus_teacher,posterior_ge,teacher,recall_at_10,140,420,0.0010288754155390312,-0.00023532727114768554,0.0025485226228771094,10000
mean_seeds,moa,scaffold_excluded,posterior_ge_minus_teacher,posterior_ge,teacher,first_rank,140,420,-1.1830158730158733,-2.478224206349206,0.15863492063492052,10000
mean_seeds,moa,scaffold_excluded,posterior_ge_minus_teacher,posterior_ge,teacher,enrichment_at_10,140,420,0.1097325008006027,-0.023002496128880928,0.27615128452538473,10000
3407,moa,scaffold_excluded,virtual_prior_minus_raw,virtual_prior,raw,map,140,1678,-0.02417397447897031,-0.03812106632750611,-0.012060711607142775,10000
3407,moa,scaffold_excluded,virtual_prior_minus_raw,virtual_prior,raw,p_at_1,140,1678,-0.04583333333333333,-0.075,-0.01904761904761905,10000
3407,moa,scaffold_excluded,virtual_prior_minus_raw,virtual_prior,raw,p_at_5,140,1678,-0.03321428571428572,-0.05214285714285714,-0.016428571428571428,10000
3407,moa,scaffold_excluded,virtual_prior_minus_raw,virtual_prior,raw,recall_at_10,140,1678,-0.0293742454802435,-0.045961461409996275,-0.01511296406839,10000
3407,moa,scaffold_excluded,virtual_prior_minus_raw,virtual_prior,raw,first_rank,140,1678,31.39428571428571,15.862678571428575,47.23925595238094,10000
3407,moa,scaffold_excluded,virtual_prior_minus_raw,virtual_prior,raw,enrichment_at_10,140,1678,-3.138418212551827,-4.972266824481872,-1.586778537162479,10000
42,moa,scaffold_excluded,virtual_prior_minus_raw,virtual_prior,raw,map,140,1678,-0.024972755240792188,-0.03955766974058908,-0.012852431503716046,10000
42,moa,scaffold_excluded,virtual_prior_minus_raw,virtual_prior,raw,p_at_1,140,1678,-0.055357142857142855,-0.08511904761904762,-0.02857142857142857,10000
42,moa,scaffold_excluded,virtual_prior_minus_raw,virtual_prior,raw,p_at_5,140,1678,-0.03821428571428572,-0.05821428571428572,-0.020595238095238094,10000
42,moa,scaffold_excluded,virtual_prior_minus_raw,virtual_prior,raw,recall_at_10,140,1678,-0.03101719438474702,-0.048603000197993323,-0.01634695909895323,10000
42,moa,scaffold_excluded,virtual_prior_minus_raw,virtual_prior,raw,first_rank,140,1678,31.365000000000002,16.2536875,46.22931845238095,10000
42,moa,scaffold_excluded,virtual_prior_minus_raw,virtual_prior,raw,enrichment_at_10,140,1678,-3.3132823202423007,-5.2347520315857405,-1.7156447059461613,10000
2025,moa,scaffold_excluded,virtual_prior_minus_raw,virtual_prior,raw,map,140,1678,-0.023597216399164976,-0.03791922564746027,-0.011964227880210964,10000
2025,moa,scaffold_excluded,virtual_prior_minus_raw,virtual_prior,raw,p_at_1,140,1678,-0.05416666666666666,-0.08214285714285714,-0.02857142857142857,10000
2025,moa,scaffold_excluded,virtual_prior_minus_raw,virtual_prior,raw,p_at_5,140,1678,-0.034166666666666665,-0.05345238095238095,-0.01738095238095238,10000
2025,moa,scaffold_excluded,virtual_prior_minus_raw,virtual_prior,raw,recall_at_10,140,1678,-0.029377220934616526,-0.046814056508859496,-0.014436543348913953,10000
2025,moa,scaffold_excluded,virtual_prior_minus_raw,virtual_prior,raw,first_rank,140,1678,34.26238095238095,18.830755952380954,49.47065773809521,10000
2025,moa,scaffold_excluded,virtual_prior_minus_raw,virtual_prior,raw,enrichment_at_10,140,1678,-3.1390710883726465,-5.077215173226663,-1.548629370492834,10000
mean_seeds,moa,scaffold_excluded,virtual_prior_minus_raw,virtual_prior,raw,map,140,420,-0.024247982039642495,-0.038446734478542355,-0.012457540102700594,10000
mean_seeds,moa,scaffold_excluded,virtual_prior_minus_raw,virtual_prior,raw,p_at_1,140,420,-0.05178571428571429,-0.07996031746031747,-0.025992063492063493,10000
mean_seeds,moa,scaffold_excluded,virtual_prior_minus_raw,virtual_prior,raw,p_at_5,140,420,-0.035198412698412694,-0.05361111111111111,-0.018174603174603177,10000
mean_seeds,moa,scaffold_excluded,virtual_prior_minus_raw,virtual_prior,raw,recall_at_10,140,420,-0.02992288693320235,-0.047891998977346674,-0.015274626868975566,10000
mean_seeds,moa,scaffold_excluded,virtual_prior_minus_raw,virtual_prior,raw,first_rank,140,420,32.34055555555555,17.813049603174605,47.615106150793636,10000
mean_seeds,moa,scaffold_excluded,virtual_prior_minus_raw,virtual_prior,raw,enrichment_at_10,140,420,-3.1969238737222576,-5.079877547801287,-1.6570724096138625,10000
3407,moa,scaffold_excluded,posterior_ge_minus_raw,posterior_ge,raw,map,140,1676,-0.0004040965508550577,-0.0034412181415396106,0.0027482080824542134,10000
3407,moa,scaffold_excluded,posterior_ge_minus_raw,posterior_ge,raw,p_at_1,140,1676,-0.007857142857142858,-0.02119047619047619,0.005714285714285713,10000
3407,moa,scaffold_excluded,posterior_ge_minus_raw,posterior_ge,raw,p_at_5,140,1676,-0.004833333333333333,-0.010595833333333334,0.000523809523809524,10000
3407,moa,scaffold_excluded,posterior_ge_minus_raw,posterior_ge,raw,recall_at_10,140,1676,-0.0004561355572604429,-0.004485979701090147,0.003485604231851225,10000
3407,moa,scaffold_excluded,posterior_ge_minus_raw,posterior_ge,raw,first_rank,140,1676,1.8484523809523803,-4.242252976190477,8.343366071428571,10000
3407,moa,scaffold_excluded,posterior_ge_minus_raw,posterior_ge,raw,enrichment_at_10,140,1676,-0.045977307344232735,-0.4724108761646984,0.37559608706643,10000
42,moa,scaffold_excluded,posterior_ge_minus_raw,posterior_ge,raw,map,140,1676,0.00046912175415139343,-0.002859751048869778,0.003721780594360098,10000
42,moa,scaffold_excluded,posterior_ge_minus_raw,posterior_ge,raw,p_at_1,140,1676,-0.008571428571428572,-0.02142857142857143,0.003928571428571427,10000
42,moa,scaffold_excluded,posterior_ge_minus_raw,posterior_ge,raw,p_at_5,140,1676,-0.0039047619047619044,-0.01,0.0017857142857142857,10000
42,moa,scaffold_excluded,posterior_ge_minus_raw,posterior_ge,raw,recall_at_10,140,1676,-7.073926747068198e-06,-0.004216403782839428,0.004312116695022215,10000
42,moa,scaffold_excluded,posterior_ge_minus_raw,posterior_ge,raw,first_rank,140,1676,0.3070238095238092,-6.263467261904761,7.54483333333333,10000
42,moa,scaffold_excluded,posterior_ge_minus_raw,posterior_ge,raw,enrichment_at_10,140,1676,-0.0011681665054235609,-0.4561439045600883,0.46559844680881335,10000
2025,moa,scaffold_excluded,posterior_ge_minus_raw,posterior_ge,raw,map,140,1676,0.0005360322432743979,-0.0026237737082358812,0.003989584612825341,10000
2025,moa,scaffold_excluded,posterior_ge_minus_raw,posterior_ge,raw,p_at_1,140,1676,-0.008571428571428572,-0.022499999999999996,0.00511904761904762,10000
2025,moa,scaffold_excluded,posterior_ge_minus_raw,posterior_ge,raw,p_at_5,140,1676,-0.00438095238095238,-0.00988154761904762,0.0011190476190476187,10000
2025,moa,scaffold_excluded,posterior_ge_minus_raw,posterior_ge,raw,recall_at_10,140,1676,0.00030738551977109295,-0.003642611514519759,0.004769414469314645,10000
2025,moa,scaffold_excluded,posterior_ge_minus_raw,posterior_ge,raw,first_rank,140,1676,1.8358333333333328,-5.1071696428571425,9.065389880952381,10000
2025,moa,scaffold_excluded,posterior_ge_minus_raw,posterior_ge,raw,enrichment_at_10,140,1676,0.03451527865609786,-0.3855618318052643,0.516873701105211,10000
mean_seeds,moa,scaffold_excluded,posterior_ge_minus_raw,posterior_ge,raw,map,140,420,0.00020035248219024416,-0.0027796164759244656,0.0033343884815790303,10000
mean_seeds,moa,scaffold_excluded,posterior_ge_minus_raw,posterior_ge,raw,p_at_1,140,420,-0.008333333333333331,-0.020238095238095236,0.0033730158730158727,10000
mean_seeds,moa,scaffold_excluded,posterior_ge_minus_raw,posterior_ge,raw,p_at_5,140,420,-0.004373015873015873,-0.009801785714285714,0.000793650793650794,10000
mean_seeds,moa,scaffold_excluded,posterior_ge_minus_raw,posterior_ge,raw,recall_at_10,140,420,-5.194132141213908e-05,-0.0037662175437336827,0.0037951629829433096,10000
mean_seeds,moa,scaffold_excluded,posterior_ge_minus_raw,posterior_ge,raw,first_rank,140,420,1.3304365079365075,-5.139226190476193,8.116619047619043,10000
mean_seeds,moa,scaffold_excluded,posterior_ge_minus_raw,posterior_ge,raw,enrichment_at_10,140,420,-0.00421006506451948,-0.40128595601312606,0.40153000043814097,10000
3407,moa,tanimoto_gt_0.7_excluded,teacher_minus_raw,teacher,raw,map,140,1678,-0.001629020297582834,-0.005215734108662445,0.0017028107677220733,10000
3407,moa,tanimoto_gt_0.7_excluded,teacher_minus_raw,teacher,raw,p_at_1,140,1678,-0.005952380952380952,-0.022023809523809522,0.011309523809523811,10000
3407,moa,tanimoto_gt_0.7_excluded,teacher_minus_raw,teacher,raw,p_at_5,140,1678,-0.007023809523809526,-0.013809523809523808,-0.0005952380952380951,10000
3407,moa,tanimoto_gt_0.7_excluded,teacher_minus_raw,teacher,raw,recall_at_10,140,1678,-0.0018465881334208995,-0.0061021155792615285,0.002173569232576632,10000
3407,moa,tanimoto_gt_0.7_excluded,teacher_minus_raw,teacher,raw,first_rank,140,1678,2.8577380952380946,-3.2964434523809523,9.066755952380953,10000
3407,moa,tanimoto_gt_0.7_excluded,teacher_minus_raw,teacher,raw,enrichment_at_10,140,1678,-0.19713924590228332,-0.6505462937576155,0.24786060568773077,10000
42,moa,tanimoto_gt_0.7_excluded,teacher_minus_raw,teacher,raw,map,140,1678,-0.0011805849376662213,-0.004565826949124523,0.0021117016748812656,10000
42,moa,tanimoto_gt_0.7_excluded,teacher_minus_raw,teacher,raw,p_at_1,140,1678,-0.009523809523809523,-0.022619047619047622,0.003571428571428571,10000
42,moa,tanimoto_gt_0.7_excluded,teacher_minus_raw,teacher,raw,p_at_5,140,1678,-0.007142857142857143,-0.013452380952380954,-0.0014285714285714284,10000
42,moa,tanimoto_gt_0.7_excluded,teacher_minus_raw,teacher,raw,recall_at_10,140,1678,-0.0005147817896884153,-0.0051854505766125505,0.003983864117375383,10000
42,moa,tanimoto_gt_0.7_excluded,teacher_minus_raw,teacher,raw,first_rank,140,1678,2.1672619047619053,-4.071473214285714,9.188883928571427,10000
42,moa,tanimoto_gt_0.7_excluded,teacher_minus_raw,teacher,raw,enrichment_at_10,140,1678,-0.05484669292520399,-0.5673595229725404,0.4402160748797272,10000
2025,moa,tanimoto_gt_0.7_excluded,teacher_minus_raw,teacher,raw,map,140,1678,-0.0019542139493363563,-0.0055084356728499154,0.001551369865152866,10000
2025,moa,tanimoto_gt_0.7_excluded,teacher_minus_raw,teacher,raw,p_at_1,140,1678,-0.013690476190476192,-0.027976190476190474,0.0005952380952380955,10000
2025,moa,tanimoto_gt_0.7_excluded,teacher_minus_raw,teacher,raw,p_at_5,140,1678,-0.005714285714285713,-0.012142857142857144,0.00035714285714285747,10000
2025,moa,tanimoto_gt_0.7_excluded,teacher_minus_raw,teacher,raw,recall_at_10,140,1678,-0.0004165178854872896,-0.004642311201207622,0.003996844526178933,10000
2025,moa,tanimoto_gt_0.7_excluded,teacher_minus_raw,teacher,raw,first_rank,140,1678,2.8869047619047623,-3.736339285714286,10.027514880952376,10000
2025,moa,tanimoto_gt_0.7_excluded,teacher_minus_raw,teacher,raw,enrichment_at_10,140,1678,-0.044252528040415386,-0.48506429837026094,0.42684457464962133,10000
mean_seeds,moa,tanimoto_gt_0.7_excluded,teacher_minus_raw,teacher,raw,map,140,420,-0.0015879397281951368,-0.004937762800648225,0.001561940577574939,10000
mean_seeds,moa,tanimoto_gt_0.7_excluded,teacher_minus_raw,teacher,raw,p_at_1,140,420,-0.009722222222222219,-0.023214285714285708,0.003571428571428573,10000
mean_seeds,moa,tanimoto_gt_0.7_excluded,teacher_minus_raw,teacher,raw,p_at_5,140,420,-0.006626984126984127,-0.012817460317460316,-0.0009523809523809526,10000
mean_seeds,moa,tanimoto_gt_0.7_excluded,teacher_minus_raw,teacher,raw,recall_at_10,140,420,-0.0009259626028655355,-0.005171204740842835,0.0031083540340527322,10000
mean_seeds,moa,tanimoto_gt_0.7_excluded,teacher_minus_raw,teacher,raw,first_rank,140,420,2.637301587301587,-3.529722222222222,8.937906746031743,10000
mean_seeds,moa,tanimoto_gt_0.7_excluded,teacher_minus_raw,teacher,raw,enrichment_at_10,140,420,-0.09874615562263424,-0.5507365703768126,0.33333923810545785,10000
3407,moa,tanimoto_gt_0.7_excluded,posterior_ge_minus_teacher,posterior_ge,teacher,map,140,1676,0.0011509190667284132,0.00018335729678391647,0.0023306939996990627,10000
3407,moa,tanimoto_gt_0.7_excluded,posterior_ge_minus_teacher,posterior_ge,teacher,p_at_1,140,1676,-0.0017857142857142857,-0.008928571428571428,0.005357142857142857,10000
3407,moa,tanimoto_gt_0.7_excluded,posterior_ge_minus_teacher,posterior_ge,teacher,p_at_5,140,1676,0.0025,0.0004761904761904763,0.004642857142857142,10000
3407,moa,tanimoto_gt_0.7_excluded,posterior_ge_minus_teacher,posterior_ge,teacher,recall_at_10,140,1676,0.0015258348238370903,0.00019523951796688715,0.002953111826606185,10000
3407,moa,tanimoto_gt_0.7_excluded,posterior_ge_minus_teacher,posterior_ge,teacher,first_rank,140,1676,-0.8466666666666667,-2.100630952380952,0.5250446428571423,10000
3407,moa,tanimoto_gt_0.7_excluded,posterior_ge_minus_teacher,posterior_ge,teacher,enrichment_at_10,140,1676,0.1632951854533106,0.020748321947067837,0.3179551659196107,10000
42,moa,tanimoto_gt_0.7_excluded,posterior_ge_minus_teacher,posterior_ge,teacher,map,140,1676,0.0016092287721785178,0.0004362483575606503,0.003170555145084473,10000
42,moa,tanimoto_gt_0.7_excluded,posterior_ge_minus_teacher,posterior_ge,teacher,p_at_1,140,1676,0.0017857142857142854,-0.0035714285714285713,0.007142857142857143,10000
42,moa,tanimoto_gt_0.7_excluded,posterior_ge_minus_teacher,posterior_ge,teacher,p_at_5,140,1676,0.0032380952380952383,0.0009523809523809526,0.0057619047619047615,10000
42,moa,tanimoto_gt_0.7_excluded,posterior_ge_minus_teacher,posterior_ge,teacher,recall_at_10,140,1676,0.0007243145006080835,-0.001218775306956419,0.0031125853818970654,10000
42,moa,tanimoto_gt_0.7_excluded,posterior_ge_minus_teacher,posterior_ge,teacher,first_rank,140,1676,-1.8303571428571428,-3.3376041666666665,-0.414851190476191,10000
42,moa,tanimoto_gt_0.7_excluded,posterior_ge_minus_teacher,posterior_ge,teacher,enrichment_at_10,140,1676,0.07755256822383048,-0.1277313398018708,0.33661703671837756,10000
2025,moa,tanimoto_gt_0.7_excluded,posterior_ge_minus_teacher,posterior_ge,teacher,map,140,1676,0.0024606596219845715,0.0009487469193398972,0.004438045906338938,10000
2025,moa,tanimoto_gt_0.7_excluded,posterior_ge_minus_teacher,posterior_ge,teacher,p_at_1,140,1676,0.005952380952380953,0.0005952380952380952,0.011904761904761904,10000
2025,moa,tanimoto_gt_0.7_excluded,posterior_ge_minus_teacher,posterior_ge,teacher,p_at_5,140,1676,0.0015714285714285717,-0.0011434523809523808,0.004547619047619047,10000
2025,moa,tanimoto_gt_0.7_excluded,posterior_ge_minus_teacher,posterior_ge,teacher,recall_at_10,140,1676,0.0009827721238836681,-0.0008544926950495578,0.002911292229730401,10000
2025,moa,tanimoto_gt_0.7_excluded,posterior_ge_minus_teacher,posterior_ge,teacher,first_rank,140,1676,-1.0458333333333334,-2.738178571428572,0.6496517857142855,10000
2025,moa,tanimoto_gt_0.7_excluded,posterior_ge_minus_teacher,posterior_ge,teacher,enrichment_at_10,140,1676,0.10545201382590493,-0.08987255694237593,0.30634733390435287,10000
mean_seeds,moa,tanimoto_gt_0.7_excluded,posterior_ge_minus_teacher,posterior_ge,teacher,map,140,420,0.001740269153630501,0.0006201101940724042,0.003208598016764659,10000
mean_seeds,moa,tanimoto_gt_0.7_excluded,posterior_ge_minus_teacher,posterior_ge,teacher,p_at_1,140,420,0.001984126984126984,-0.001984126984126984,0.005952380952380953,10000
mean_seeds,moa,tanimoto_gt_0.7_excluded,posterior_ge_minus_teacher,posterior_ge,teacher,p_at_5,140,420,0.002436507936507937,0.0006111111111111111,0.004436706349206347,10000
mean_seeds,moa,tanimoto_gt_0.7_excluded,posterior_ge_minus_teacher,posterior_ge,teacher,recall_at_10,140,420,0.001077640482776281,-0.00013273447369299682,0.0026281765731845336,10000
mean_seeds,moa,tanimoto_gt_0.7_excluded,posterior_ge_minus_teacher,posterior_ge,teacher,first_rank,140,420,-1.2409523809523815,-2.538343253968254,0.0907718253968252,10000
mean_seeds,moa,tanimoto_gt_0.7_excluded,posterior_ge_minus_teacher,posterior_ge,teacher,enrichment_at_10,140,420,0.11543325583434866,-0.01959668047528374,0.2831651239335623,10000
3407,moa,tanimoto_gt_0.7_excluded,virtual_prior_minus_raw,virtual_prior,raw,map,140,1678,-0.024092285083010322,-0.038298003418857314,-0.012423371547561648,10000
3407,moa,tanimoto_gt_0.7_excluded,virtual_prior_minus_raw,virtual_prior,raw,p_at_1,140,1678,-0.04642857142857143,-0.075,-0.019642857142857142,10000
3407,moa,tanimoto_gt_0.7_excluded,virtual_prior_minus_raw,virtual_prior,raw,p_at_5,140,1678,-0.03428571428571429,-0.0530952380952381,-0.017377976190476235,10000
3407,moa,tanimoto_gt_0.7_excluded,virtual_prior_minus_raw,virtual_prior,raw,recall_at_10,140,1678,-0.029031242839093845,-0.045985429135993426,-0.014750512095681009,10000
3407,moa,tanimoto_gt_0.7_excluded,virtual_prior_minus_raw,virtual_prior,raw,first_rank,140,1678,29.475833333333334,13.674821428571429,45.67826785714286,10000
3407,moa,tanimoto_gt_0.7_excluded,virtual_prior_minus_raw,virtual_prior,raw,enrichment_at_10,140,1678,-3.1053823889001317,-4.973050221880085,-1.5946565520795644,10000
42,moa,tanimoto_gt_0.7_excluded,virtual_prior_minus_raw,virtual_prior,raw,map,140,1678,-0.02475107432035012,-0.038841908473510496,-0.012588422568011987,10000
42,moa,tanimoto_gt_0.7_excluded,virtual_prior_minus_raw,virtual_prior,raw,p_at_1,140,1678,-0.05595238095238095,-0.08511904761904762,-0.029761904761904757,10000
42,moa,tanimoto_gt_0.7_excluded,virtual_prior_minus_raw,virtual_prior,raw,p_at_5,140,1678,-0.038809523809523815,-0.059166666666666666,-0.02142857142857143,10000
42,moa,tanimoto_gt_0.7_excluded,virtual_prior_minus_raw,virtual_prior,raw,recall_at_10,140,1678,-0.03036197089566224,-0.04795010544139103,-0.015615470019817125,10000
42,moa,tanimoto_gt_0.7_excluded,virtual_prior_minus_raw,virtual_prior,raw,first_rank,140,1678,29.54654761904762,14.189788690476188,44.36621726190476,10000
42,moa,tanimoto_gt_0.7_excluded,virtual_prior_minus_raw,virtual_prior,raw,enrichment_at_10,140,1678,-3.2478302349422004,-5.165406503997656,-1.6368485128917853,10000
2025,moa,tanimoto_gt_0.7_excluded,virtual_prior_minus_raw,virtual_prior,raw,map,140,1678,-0.023435094411509042,-0.03718794875076603,-0.011730116851931585,10000
2025,moa,tanimoto_gt_0.7_excluded,virtual_prior_minus_raw,virtual_prior,raw,p_at_1,140,1678,-0.05476190476190476,-0.08214285714285714,-0.02916666666666667,10000
2025,moa,tanimoto_gt_0.7_excluded,virtual_prior_minus_raw,virtual_prior,raw,p_at_5,140,1678,-0.035,-0.054050595238095245,-0.01869047619047619,10000
2025,moa,tanimoto_gt_0.7_excluded,virtual_prior_minus_raw,virtual_prior,raw,recall_at_10,140,1678,-0.02879933470454602,-0.04678213740933647,-0.014335199848490257,10000
2025,moa,tanimoto_gt_0.7_excluded,virtual_prior_minus_raw,virtual_prior,raw,first_rank,140,1678,31.501071428571425,15.739238095238095,46.81224404761904,10000
2025,moa,tanimoto_gt_0.7_excluded,virtual_prior_minus_raw,virtual_prior,raw,enrichment_at_10,140,1678,-3.080487032673495,-4.949972790160497,-1.5026216416646385,10000
mean_seeds,moa,tanimoto_gt_0.7_excluded,virtual_prior_minus_raw,virtual_prior,raw,map,140,420,-0.024092817938289834,-0.038477870880547486,-0.012170358151580615,10000
mean_seeds,moa,tanimoto_gt_0.7_excluded,virtual_prior_minus_raw,virtual_prior,raw,p_at_1,140,420,-0.05238095238095238,-0.07996031746031747,-0.02718253968253968,10000
mean_seeds,moa,tanimoto_gt_0.7_excluded,virtual_prior_minus_raw,virtual_prior,raw,p_at_5,140,420,-0.03603174603174604,-0.0548015873015873,-0.019284722222222234,10000
mean_seeds,moa,tanimoto_gt_0.7_excluded,virtual_prior_minus_raw,virtual_prior,raw,recall_at_10,140,420,-0.029397516146434034,-0.046675248827704297,-0.014963843784340484,10000
mean_seeds,moa,tanimoto_gt_0.7_excluded,virtual_prior_minus_raw,virtual_prior,raw,first_rank,140,420,30.17448412698413,15.124877976190476,45.36942063492063,10000
mean_seeds,moa,tanimoto_gt_0.7_excluded,virtual_prior_minus_raw,virtual_prior,raw,enrichment_at_10,140,420,-3.144566552171942,-4.983852951290937,-1.5859053852655045,10000
3407,moa,tanimoto_gt_0.7_excluded,posterior_ge_minus_raw,posterior_ge,raw,map,140,1676,-0.00043325253935232215,-0.0035905525906188684,0.0027769905835443877,10000
3407,moa,tanimoto_gt_0.7_excluded,posterior_ge_minus_raw,posterior_ge,raw,p_at_1,140,1676,-0.007261904761904761,-0.02095238095238095,0.006312499999999958,10000
3407,moa,tanimoto_gt_0.7_excluded,posterior_ge_minus_raw,posterior_ge,raw,p_at_5,140,1676,-0.004476190476190476,-0.010310119047619049,0.001120238095238079,10000
3407,moa,tanimoto_gt_0.7_excluded,posterior_ge_minus_raw,posterior_ge,raw,recall_at_10,140,1676,-0.0002612295000599999,-0.0043458982757112715,0.003764482076083649,10000
3407,moa,tanimoto_gt_0.7_excluded,posterior_ge_minus_raw,posterior_ge,raw,first_rank,140,1676,1.9978571428571423,-4.2135773809523815,8.503830357142856,10000
3407,moa,tanimoto_gt_0.7_excluded,posterior_ge_minus_raw,posterior_ge,raw,enrichment_at_10,140,1676,-0.027513278136047578,-0.46264850193286006,0.39379997290639296,10000
42,moa,tanimoto_gt_0.7_excluded,posterior_ge_minus_raw,posterior_ge,raw,map,140,1676,0.0004718089399163651,-0.0028809798232773106,0.0038364930555781314,10000
42,moa,tanimoto_gt_0.7_excluded,posterior_ge_minus_raw,posterior_ge,raw,p_at_1,140,1676,-0.00738095238095238,-0.02095238095238095,0.005714285714285713,10000
42,moa,tanimoto_gt_0.7_excluded,posterior_ge_minus_raw,posterior_ge,raw,p_at_5,140,1676,-0.0039047619047619044,-0.010047619047619048,0.0020476190476190477,10000
42,moa,tanimoto_gt_0.7_excluded,posterior_ge_minus_raw,posterior_ge,raw,recall_at_10,140,1676,0.00025204971772238897,-0.0038584832567633274,0.004454966364043895,10000
42,moa,tanimoto_gt_0.7_excluded,posterior_ge_minus_raw,posterior_ge,raw,first_rank,140,1676,0.3469047619047621,-6.2355059523809535,7.427208333333334,10000
42,moa,tanimoto_gt_0.7_excluded,posterior_ge_minus_raw,posterior_ge,raw,enrichment_at_10,140,1676,0.02721182767957893,-0.421792299795419,0.47470880289504724,10000
2025,moa,tanimoto_gt_0.7_excluded,posterior_ge_minus_raw,posterior_ge,raw,map,140,1676,0.0005408066858928978,-0.002565284328187263,0.003945412741550905,10000
2025,moa,tanimoto_gt_0.7_excluded,posterior_ge_minus_raw,posterior_ge,raw,p_at_1,140,1676,-0.00738095238095238,-0.021788690476190472,0.006431547619047575,10000
2025,moa,tanimoto_gt_0.7_excluded,posterior_ge_minus_raw,posterior_ge,raw,p_at_5,140,1676,-0.004142857142857143,-0.009857142857142858,0.001547619047619047,10000
2025,moa,tanimoto_gt_0.7_excluded,posterior_ge_minus_raw,posterior_ge,raw,recall_at_10,140,1676,0.0006172746465596439,-0.0032920691135781828,0.004994034880580023,10000
2025,moa,tanimoto_gt_0.7_excluded,posterior_ge_minus_raw,posterior_ge,raw,first_rank,140,1676,1.863809523809523,-5.007026785714285,9.090669642857142,10000
2025,moa,tanimoto_gt_0.7_excluded,posterior_ge_minus_raw,posterior_ge,raw,enrichment_at_10,140,1676,0.06661785313242836,-0.3660617890241335,0.5568924737050597,10000
mean_seeds,moa,tanimoto_gt_0.7_excluded,posterior_ge_minus_raw,posterior_ge,raw,map,140,420,0.0001931210288189799,-0.0028361011455324326,0.003300969587105663,10000
mean_seeds,moa,tanimoto_gt_0.7_excluded,posterior_ge_minus_raw,posterior_ge,raw,p_at_1,140,420,-0.00734126984126984,-0.019642857142857142,0.004761904761904762,10000
mean_seeds,moa,tanimoto_gt_0.7_excluded,posterior_ge_minus_raw,posterior_ge,raw,p_at_5,140,420,-0.004174603174603175,-0.00969047619047619,0.001174801587301584,10000
mean_seeds,moa,tanimoto_gt_0.7_excluded,posterior_ge_minus_raw,posterior_ge,raw,recall_at_10,140,420,0.0002026982880740113,-0.0034796999155157536,0.004141727327378067,10000
mean_seeds,moa,tanimoto_gt_0.7_excluded,posterior_ge_minus_raw,posterior_ge,raw,first_rank,140,420,1.4028571428571426,-4.998258928571429,8.304076388888884,10000
mean_seeds,moa,tanimoto_gt_0.7_excluded,posterior_ge_minus_raw,posterior_ge,raw,enrichment_at_10,140,420,0.022105467558653207,-0.3759292970570172,0.4257590734423139,10000
3407,target,base,teacher_minus_raw,teacher,raw,map,146,1752,-0.001505051767785127,-0.004523287229938126,0.0013996279065399979,10000
3407,target,base,teacher_minus_raw,teacher,raw,p_at_1,146,1752,-0.0028538812785388126,-0.022831050228310504,0.017123287671232876,10000
3407,target,base,teacher_minus_raw,teacher,raw,p_at_5,146,1752,-0.0053652968036529665,-0.012671232876712329,0.0015981735159817348,10000
3407,target,base,teacher_minus_raw,teacher,raw,recall_at_10,146,1752,-0.0022862287506627515,-0.005703366285631054,0.0009227020060942166,10000
3407,target,base,teacher_minus_raw,teacher,raw,first_rank,146,1752,1.3664383561643836,-3.2371004566210044,5.985159817351597,10000
3407,target,base,teacher_minus_raw,teacher,raw,enrichment_at_10,146,1752,-0.27621929674598716,-0.6989595998882252,0.12134672783722089,10000
42,target,base,teacher_minus_raw,teacher,raw,map,146,1752,-0.001379171242274961,-0.004127340962568504,0.0013568791834081147,10000
42,target,base,teacher_minus_raw,teacher,raw,p_at_1,146,1752,-0.006278538812785388,-0.025114155251141555,0.012557077625570777,10000
42,target,base,teacher_minus_raw,teacher,raw,p_at_5,146,1752,-0.00547945205479452,-0.01324200913242009,0.0020547945205479463,10000
42,target,base,teacher_minus_raw,teacher,raw,recall_at_10,146,1752,-0.001264373486709347,-0.005135434221159418,0.002663852261355112,10000
42,target,base,teacher_minus_raw,teacher,raw,first_rank,146,1752,1.518835616438356,-2.9828909817351597,6.113598744292237,10000
42,target,base,teacher_minus_raw,teacher,raw,enrichment_at_10,146,1752,-0.15274384683042663,-0.6295252478087063,0.3216950939556469,10000
2025,target,base,teacher_minus_raw,teacher,raw,map,146,1752,-0.0012099289499931008,-0.004259529855398469,0.0018470865736684129,10000
2025,target,base,teacher_minus_raw,teacher,raw,p_at_1,146,1752,-0.00684931506849315,-0.02682648401826484,0.01141552511415525,10000
2025,target,base,teacher_minus_raw,teacher,raw,p_at_5,146,1752,-0.005251141552511415,-0.012442922374429222,0.0018264840182648397,10000
2025,target,base,teacher_minus_raw,teacher,raw,recall_at_10,146,1752,-0.0016169922700528649,-0.005127433726713815,0.0018662880696272632,10000
2025,target,base,teacher_minus_raw,teacher,raw,first_rank,146,1752,1.66324200913242,-2.9303652968036533,6.3062071917808185,10000
2025,target,base,teacher_minus_raw,teacher,raw,enrichment_at_10,146,1752,-0.19533364548206528,-0.6266287390870529,0.2338085628607891,10000
mean_seeds,target,base,teacher_minus_raw,teacher,raw,map,146,438,-0.0013647173200177296,-0.004273335362903665,0.0014662443330669787,10000
mean_seeds,target,base,teacher_minus_raw,teacher,raw,p_at_1,146,438,-0.005327245053272451,-0.023782343987823442,0.012557077625570776,10000
mean_seeds,target,base,teacher_minus_raw,teacher,raw,p_at_5,146,438,-0.005365296803652967,-0.012442922374429224,0.0013698630136986306,10000
mean_seeds,target,base,teacher_minus_raw,teacher,raw,recall_at_10,146,438,-0.0017225315024749872,-0.005200804319922724,0.0015950502633348658,10000
mean_seeds,target,base,teacher_minus_raw,teacher,raw,first_rank,146,438,1.51617199391172,-2.899700342465753,5.96866914003044,10000
mean_seeds,target,base,teacher_minus_raw,teacher,raw,enrichment_at_10,146,438,-0.20809892968615976,-0.6251930958130917,0.1891373463122808,10000
3407,target,base,posterior_ge_minus_teacher,posterior_ge,teacher,map,146,1748,0.0010018937928027263,0.0003002218561723205,0.0018617128849917402,10000
3407,target,base,posterior_ge_minus_teacher,posterior_ge,teacher,p_at_1,146,1748,-0.003424657534246575,-0.0091324200913242,0.00228310502283105,10000
3407,target,base,posterior_ge_minus_teacher,posterior_ge,teacher,p_at_5,146,1748,0.0017123287671232876,-0.00045662100456621014,0.003881278538812786,10000
3407,target,base,posterior_ge_minus_teacher,posterior_ge,teacher,recall_at_10,146,1748,0.0012567530319866444,5.240013786601193e-05,0.0025381460916711184,10000
3407,target,base,posterior_ge_minus_teacher,posterior_ge,teacher,first_rank,146,1748,-0.6085616438356163,-1.6576598173515982,0.4993607305936068,10000
3407,target,base,posterior_ge_minus_teacher,posterior_ge,teacher,enrichment_at_10,146,1748,0.15216183300738648,0.007409265318532684,0.306792669741496,10000
42,target,base,posterior_ge_minus_teacher,posterior_ge,teacher,map,146,1748,0.0015708898992897046,0.0005926287700152625,0.0028095006018263894,10000
42,target,base,posterior_ge_minus_teacher,posterior_ge,teacher,p_at_1,146,1748,0.0028538812785388135,-0.005136986301369863,0.010844748858447486,10000
42,target,base,posterior_ge_minus_teacher,posterior_ge,teacher,p_at_5,146,1748,0.00410958904109589,0.00136986301369863,0.007077625570776257,10000
42,target,base,posterior_ge_minus_teacher,posterior_ge,teacher,recall_at_10,146,1748,0.0019027724346869315,0.0002337702124595424,0.003928186661261677,10000
42,target,base,posterior_ge_minus_teacher,posterior_ge,teacher,first_rank,146,1748,-0.9375570776255707,-2.3677625570776253,0.571349885844749,10000
42,target,base,posterior_ge_minus_teacher,posterior_ge,teacher,enrichment_at_10,146,1748,0.23018687941941643,0.02755432777435912,0.4756795689532112,10000
2025,target,base,posterior_ge_minus_teacher,posterior_ge,teacher,map,146,1748,0.0017832120293175763,0.0007665934828666604,0.0030703418359908966,10000
2025,target,base,posterior_ge_minus_teacher,posterior_ge,teacher,p_at_1,146,1748,0.003995433789954338,-0.002853881278538813,0.01084474885844749,10000
2025,target,base,posterior_ge_minus_teacher,posterior_ge,teacher,p_at_5,146,1748,0.0021689497716894973,-0.0007990867579908674,0.005251141552511416,10000
2025,target,base,posterior_ge_minus_teacher,posterior_ge,teacher,recall_at_10,146,1748,0.0017002711596704636,0.0002555050353496705,0.0031791251370977946,10000
2025,target,base,posterior_ge_minus_teacher,posterior_ge,teacher,first_rank,146,1748,-1.3252283105022828,-2.5601740867579905,-0.04325913242009119,10000
2025,target,base,posterior_ge_minus_teacher,posterior_ge,teacher,enrichment_at_10,146,1748,0.2056560378051723,0.030453310673333525,0.3858157521391557,10000
mean_seeds,target,base,posterior_ge_minus_teacher,posterior_ge,teacher,map,146,438,0.001451998573803336,0.0006128035934618444,0.002494559477615457,10000
mean_seeds,target,base,posterior_ge_minus_teacher,posterior_ge,teacher,p_at_1,146,438,0.0011415525114155248,-0.003424657534246575,0.005707762557077626,10000
mean_seeds,target,base,posterior_ge_minus_teacher,posterior_ge,teacher,p_at_5,146,438,0.0026636225266362256,0.0006468797564687979,0.004908675799086757,10000
mean_seeds,target,base,posterior_ge_minus_teacher,posterior_ge,teacher,recall_at_10,146,438,0.0016199322087813465,0.00051019638729522,0.002922478936535467,10000
mean_seeds,target,base,posterior_ge_minus_teacher,posterior_ge,teacher,first_rank,146,438,-0.9571156773211568,-2.0032629375951294,0.10840943683409447,10000
mean_seeds,target,base,posterior_ge_minus_teacher,posterior_ge,teacher,enrichment_at_10,146,438,0.19600158341065843,0.06321448345770664,0.3491580005063415,10000
3407,target,base,virtual_prior_minus_raw,virtual_prior,raw,map,146,1752,-0.015824473071163293,-0.025264609494773885,-0.007184161730074275,10000
3407,target,base,virtual_prior_minus_raw,virtual_prior,raw,p_at_1,146,1752,-0.032534246575342464,-0.06164383561643835,-0.003995433789954336,10000
3407,target,base,virtual_prior_minus_raw,virtual_prior,raw,p_at_5,146,1752,-0.031164383561643836,-0.04908675799086758,-0.01404109589041096,10000
3407,target,base,virtual_prior_minus_raw,virtual_prior,raw,recall_at_10,146,1752,-0.017669419858377507,-0.02812317242115006,-0.008193838721881586,10000
3407,target,base,virtual_prior_minus_raw,virtual_prior,raw,first_rank,146,1752,16.783105022831048,4.503767123287671,29.578353310502283,10000
3407,target,base,virtual_prior_minus_raw,virtual_prior,raw,enrichment_at_10,146,1752,-2.1347455283249905,-3.40071974114369,-0.9315814547912044,10000
42,target,base,virtual_prior_minus_raw,virtual_prior,raw,map,146,1752,-0.016504761781870058,-0.025736061486995827,-0.008328694632829968,10000
42,target,base,virtual_prior_minus_raw,virtual_prior,raw,p_at_1,146,1752,-0.045091324200913246,-0.07191780821917808,-0.019406392694063926,10000
42,target,base,virtual_prior_minus_raw,virtual_prior,raw,p_at_5,146,1752,-0.032534246575342464,-0.05011415525114155,-0.016095890410958904,10000
42,target,base,virtual_prior_minus_raw,virtual_prior,raw,recall_at_10,146,1752,-0.018020579140578072,-0.028797845131497222,-0.007913637355888148,10000
42,target,base,virtual_prior_minus_raw,virtual_prior,raw,first_rank,146,1752,21.748858447488587,9.519006849315069,34.27040525114154,10000
42,target,base,virtual_prior_minus_raw,virtual_prior,raw,enrichment_at_10,146,1752,-2.177015616923872,-3.5166204500084137,-0.9780571644144249,10000
2025,target,base,virtual_prior_minus_raw,virtual_prior,raw,map,146,1752,-0.01573164302221292,-0.024952887888481805,-0.00740965704582922,10000
2025,target,base,virtual_prior_minus_raw,virtual_prior,raw,p_at_1,146,1752,-0.043949771689497714,-0.07191780821917808,-0.017123287671232876,10000
2025,target,base,virtual_prior_minus_raw,virtual_prior,raw,p_at_5,146,1752,-0.030022831050228307,-0.04760273972602739,-0.012899543378995435,10000
2025,target,base,virtual_prior_minus_raw,virtual_prior,raw,recall_at_10,146,1752,-0.018807590077558063,-0.02933695905866894,-0.009129786238134357,10000
2025,target,base,virtual_prior_minus_raw,virtual_prior,raw,first_rank,146,1752,20.540525114155255,8.951412671232879,32.44770262557077,10000
2025,target,base,virtual_prior_minus_raw,virtual_prior,raw,enrichment_at_10,146,1752,-2.2723078356971937,-3.5613524701030137,-1.0999323183981646,10000
mean_seeds,target,base,virtual_prior_minus_raw,virtual_prior,raw,map,146,438,-0.01602029262508209,-0.02561015145593886,-0.007923419924216083,10000
mean_seeds,target,base,virtual_prior_minus_raw,virtual_prior,raw,p_at_1,146,438,-0.040525114155251146,-0.06811263318112633,-0.014840182648401829,10000
mean_seeds,target,base,virtual_prior_minus_raw,virtual_prior,raw,p_at_5,146,438,-0.03124048706240487,-0.04870719178082192,-0.01495433789954338,10000
mean_seeds,target,base,virtual_prior_minus_raw,virtual_prior,raw,recall_at_10,146,438,-0.018165863025504547,-0.028719751970383525,-0.008321491464633277,10000
mean_seeds,target,base,virtual_prior_minus_raw,virtual_prior,raw,first_rank,146,438,19.690829528158297,7.695923706240491,31.770999809741248,10000
mean_seeds,target,base,virtual_prior_minus_raw,virtual_prior,raw,enrichment_at_10,146,438,-2.1946896603153516,-3.486238369526112,-0.9971273006588843,10000
3407,target,base,posterior_ge_minus_raw,posterior_ge,raw,map,146,1748,-0.0005066270956725369,-0.0032133020596831247,0.002240004410533649,10000
3407,target,base,posterior_ge_minus_raw,posterior_ge,raw,p_at_1,146,1748,-0.006278538812785389,-0.025684931506849314,0.013127853881278538,10000
3407,target,base,posterior_ge_minus_raw,posterior_ge,raw,p_at_5,146,1748,-0.0036757990867579897,-0.010479452054794522,0.0028538812785388126,10000
3407,target,base,posterior_ge_minus_raw,posterior_ge,raw,recall_at_10,146,1748,-0.001015328273021812,-0.004060804246560326,0.002050667541761221,10000
3407,target,base,posterior_ge_minus_raw,posterior_ge,raw,first_rank,146,1748,0.6805936073059361,-4.290916095890411,5.513704337899542,10000
3407,target,base,posterior_ge_minus_raw,posterior_ge,raw,enrichment_at_10,146,1748,-0.12236499017968883,-0.5027144329222358,0.25712818867255904,10000
42,target,base,posterior_ge_minus_raw,posterior_ge,raw,map,146,1748,0.00019300597908879805,-0.0023572967374590036,0.0027881132723763507,10000
42,target,base,posterior_ge_minus_raw,posterior_ge,raw,p_at_1,146,1748,-0.0034246575342465747,-0.023401826484018264,0.01598173515981735,10000
42,target,base,posterior_ge_minus_raw,posterior_ge,raw,p_at_5,146,1748,-0.0013926940639269407,-0.00885958904109589,0.005684931506849315,10000
42,target,base,posterior_ge_minus_raw,posterior_ge,raw,recall_at_10,146,1748,0.0006462044352351262,-0.002955900594361485,0.004431046575627823,10000
42,target,base,posterior_ge_minus_raw,posterior_ge,raw,first_rank,146,1748,0.5155251141552506,-4.539172374429223,5.46188641552511,10000
42,target,base,posterior_ge_minus_raw,posterior_ge,raw,enrichment_at_10,146,1748,0.0783668607902152,-0.36569690815314226,0.5393730709070431,10000
2025,target,base,posterior_ge_minus_raw,posterior_ge,raw,map,146,1748,0.0005640761611870832,-0.0021533523559226137,0.0034864070845913166,10000
2025,target,base,posterior_ge_minus_raw,posterior_ge,raw,p_at_1,146,1748,-0.002853881278538815,-0.023401826484018264,0.01599600456620984,10000
2025,target,base,posterior_ge_minus_raw,posterior_ge,raw,p_at_5,146,1748,-0.0031050228310502293,-0.009931506849315068,0.003630136986301369,10000
2025,target,base,posterior_ge_minus_raw,posterior_ge,raw,recall_at_10,146,1748,9.108437687514043e-05,-0.003381553738062348,0.0037841980889530735,10000
2025,target,base,posterior_ge_minus_raw,posterior_ge,raw,first_rank,146,1748,0.3465753424657534,-4.294246575342466,5.003998287671232,10000
2025,target,base,posterior_ge_minus_raw,posterior_ge,raw,enrichment_at_10,146,1748,0.011246220524332483,-0.4117234744500754,0.4675994337601849,10000
mean_seeds,target,base,posterior_ge_minus_raw,posterior_ge,raw,map,146,438,8.348501486778157e-05,-0.0025311091719273995,0.0026873089364939577,10000
mean_seeds,target,base,posterior_ge_minus_raw,posterior_ge,raw,p_at_1,146,438,-0.0041856925418569235,-0.022640791476407917,0.013888888888888888,10000
mean_seeds,target,base,posterior_ge_minus_raw,posterior_ge,raw,p_at_5,146,438,-0.002724505327245052,-0.009246765601217656,0.003577245053272445,10000
mean_seeds,target,base,posterior_ge_minus_raw,posterior_ge,raw,recall_at_10,146,438,-9.267982030384739e-05,-0.0032096769754939867,0.0032376925467892314,10000
mean_seeds,target,base,posterior_ge_minus_raw,posterior_ge,raw,first_rank,146,438,0.5142313546423137,-4.29148211567732,5.234248477929983,10000
mean_seeds,target,base,posterior_ge_minus_raw,posterior_ge,raw,enrichment_at_10,146,438,-0.010917302955047099,-0.39677951763076225,0.37846462217874327,10000
3407,target,scaffold_excluded,teacher_minus_raw,teacher,raw,map,146,1752,-0.001687899079479802,-0.0048949394428105825,0.0012236005572654597,10000
3407,target,scaffold_excluded,teacher_minus_raw,teacher,raw,p_at_1,146,1752,-0.005707762557077627,-0.02398687214611871,0.011986301369863013,10000
3407,target,scaffold_excluded,teacher_minus_raw,teacher,raw,p_at_5,146,1752,-0.002968036529680365,-0.010388127853881279,0.004109589041095891,10000
3407,target,scaffold_excluded,teacher_minus_raw,teacher,raw,recall_at_10,146,1752,-0.0025002679209166867,-0.0066823248150089274,0.0012590539507518264,10000
3407,target,scaffold_excluded,teacher_minus_raw,teacher,raw,first_rank,146,1752,0.7705479452054795,-3.6360017123287665,5.105779109589038,10000
3407,target,scaffold_excluded,teacher_minus_raw,teacher,raw,enrichment_at_10,146,1752,-0.26518580227314426,-0.7235030400346322,0.14668993066254765,10000
42,target,scaffold_excluded,teacher_minus_raw,teacher,raw,map,146,1752,-0.0013912802705979607,-0.004362633372040241,0.0013518245826562032,10000
42,target,scaffold_excluded,teacher_minus_raw,teacher,raw,p_at_1,146,1752,-0.005707762557077625,-0.023401826484018264,0.011415525114155252,10000
42,target,scaffold_excluded,teacher_minus_raw,teacher,raw,p_at_5,146,1752,-0.004109589041095891,-0.011757990867579908,0.0031963470319634714,10000
42,target,scaffold_excluded,teacher_minus_raw,teacher,raw,recall_at_10,146,1752,-0.0019125556651791522,-0.006281761216576112,0.0023604854231371155,10000
42,target,scaffold_excluded,teacher_minus_raw,teacher,raw,first_rank,146,1752,0.7597031963470324,-3.680593607305936,5.0909960045662075,10000
42,target,scaffold_excluded,teacher_minus_raw,teacher,raw,enrichment_at_10,146,1752,-0.20616584792402934,-0.6730535068537427,0.2504619345416679,10000
2025,target,scaffold_excluded,teacher_minus_raw,teacher,raw,map,146,1752,-0.0015229740674200022,-0.0046454114676682205,0.0015898694746838003,10000
2025,target,scaffold_excluded,teacher_minus_raw,teacher,raw,p_at_1,146,1752,-0.007990867579908674,-0.025114155251141555,0.008561643835616438,10000
2025,target,scaffold_excluded,teacher_minus_raw,teacher,raw,p_at_5,146,1752,-0.0023972602739726016,-0.009246575342465754,0.004452054794520549,10000
2025,target,scaffold_excluded,teacher_minus_raw,teacher,raw,recall_at_10,146,1752,-0.0019850341400918952,-0.005869901408484992,0.00196881333497788,10000
2025,target,scaffold_excluded,teacher_minus_raw,teacher,raw,first_rank,146,1752,0.9902968036529683,-3.4024543378995427,5.296875,10000
2025,target,scaffold_excluded,teacher_minus_raw,teacher,raw,enrichment_at_10,146,1752,-0.2131987780322452,-0.6415511710294212,0.2019521036886435,10000
mean_seeds,target,scaffold_excluded,teacher_minus_raw,teacher,raw,map,146,438,-0.0015340511391659217,-0.004537959282622942,0.0013221435939129102,10000
mean_seeds,target,scaffold_excluded,teacher_minus_raw,teacher,raw,p_at_1,146,438,-0.006468797564687979,-0.022831050228310504,0.0091371765601217,10000
mean_seeds,target,scaffold_excluded,teacher_minus_raw,teacher,raw,p_at_5,146,438,-0.003158295281582953,-0.01023687214611872,0.003767123287671233,10000
mean_seeds,target,scaffold_excluded,teacher_minus_raw,teacher,raw,recall_at_10,146,438,-0.0021326192420625784,-0.006209350917298848,0.0016962594159094394,10000
mean_seeds,target,scaffold_excluded,teacher_minus_raw,teacher,raw,first_rank,146,438,0.8401826484018269,-3.5034484398782353,4.996908295281581,10000
mean_seeds,target,scaffold_excluded,teacher_minus_raw,teacher,raw,enrichment_at_10,146,438,-0.22818347607647294,-0.6629470629408891,0.17523270842221558,10000
3407,target,scaffold_excluded,posterior_ge_minus_teacher,posterior_ge,teacher,map,146,1748,0.0010791585421729222,0.0003147340665383434,0.0020096983437304663,10000
3407,target,scaffold_excluded,posterior_ge_minus_teacher,posterior_ge,teacher,p_at_1,146,1748,-0.0022831050228310505,-0.008561643835616438,0.003995433789954338,10000
3407,target,scaffold_excluded,posterior_ge_minus_teacher,posterior_ge,teacher,p_at_5,146,1748,0.0011415525114155253,-0.0009132420091324203,0.003424657534246575,10000
3407,target,scaffold_excluded,posterior_ge_minus_teacher,posterior_ge,teacher,recall_at_10,146,1748,0.0009788280767239412,-0.0003803009510315498,0.002395196739994288,10000
3407,target,scaffold_excluded,posterior_ge_minus_teacher,posterior_ge,teacher,first_rank,146,1748,-0.5028538812785387,-1.5467351598173515,0.5769606164383558,10000
3407,target,scaffold_excluded,posterior_ge_minus_teacher,posterior_ge,teacher,enrichment_at_10,146,1748,0.10434342666266859,-0.039948007496765595,0.25678925908272443,10000
42,target,scaffold_excluded,posterior_ge_minus_teacher,posterior_ge,teacher,map,146,1748,0.0015516775991046069,0.0005938793602272524,0.0028018282303925624,10000
42,target,scaffold_excluded,posterior_ge_minus_teacher,posterior_ge,teacher,p_at_1,146,1748,0.0005707762557077629,-0.00684931506849315,0.007990867579908675,10000
42,target,scaffold_excluded,posterior_ge_minus_teacher,posterior_ge,teacher,p_at_5,146,1748,0.0038812785388127853,0.0010273972602739727,0.00684931506849315,10000
42,target,scaffold_excluded,posterior_ge_minus_teacher,posterior_ge,teacher,recall_at_10,146,1748,0.0014901365432323588,-0.00036823809519503453,0.0038398887503135375,10000
42,target,scaffold_excluded,posterior_ge_minus_teacher,posterior_ge,teacher,first_rank,146,1748,-1.0941780821917806,-2.377882420091324,0.21636700913241944,10000
42,target,scaffold_excluded,posterior_ge_minus_teacher,posterior_ge,teacher,enrichment_at_10,146,1748,0.16018295469122204,-0.03966670255609747,0.4150192973454758,10000
2025,target,scaffold_excluded,posterior_ge_minus_teacher,posterior_ge,teacher,map,146,1748,0.0017926925183123564,0.0007325922335641599,0.0031115724969310154,10000
2025,target,scaffold_excluded,posterior_ge_minus_teacher,posterior_ge,teacher,p_at_1,146,1748,0.0028538812785388126,-0.003995433789954338,0.009703196347031963,10000
2025,target,scaffold_excluded,posterior_ge_minus_teacher,posterior_ge,teacher,p_at_5,146,1748,0.0012557077625570778,-0.0015981735159817352,0.004223744292237443,10000
2025,target,scaffold_excluded,posterior_ge_minus_teacher,posterior_ge,teacher,recall_at_10,146,1748,0.0012375500241633135,-0.00020580699945448383,0.0027897668377132277,10000
2025,target,scaffold_excluded,posterior_ge_minus_teacher,posterior_ge,teacher,first_rank,146,1748,-1.439497716894977,-2.5712385844748864,-0.27690924657534294,10000
2025,target,scaffold_excluded,posterior_ge_minus_teacher,posterior_ge,teacher,enrichment_at_10,146,1748,0.131655388843992,-0.026056969304112176,0.2912232372231529,10000
mean_seeds,target,scaffold_excluded,posterior_ge_minus_teacher,posterior_ge,teacher,map,146,438,0.0014745095531966286,0.0006520113587527672,0.0025807539742175056,10000
mean_seeds,target,scaffold_excluded,posterior_ge_minus_teacher,posterior_ge,teacher,p_at_1,146,438,0.0003805175038051753,-0.003995433789954338,0.004566210045662101,10000
mean_seeds,target,scaffold_excluded,posterior_ge_minus_teacher,posterior_ge,teacher,p_at_5,146,438,0.002092846270928463,0.0001512557077625575,0.004148592085235907,10000
mean_seeds,target,scaffold_excluded,posterior_ge_minus_teacher,posterior_ge,teacher,recall_at_10,146,438,0.0012355048813732046,7.268352326036773e-06,0.002680400568400987,10000
mean_seeds,target,scaffold_excluded,posterior_ge_minus_teacher,posterior_ge,teacher,first_rank,146,438,-1.0121765601217656,-1.9966181506849316,-0.03632990867579921,10000
mean_seeds,target,scaffold_excluded,posterior_ge_minus_teacher,posterior_ge,teacher,enrichment_at_10,146,438,0.13206059006596085,6.30524342767522e-05,0.28839067826907017,10000
3407,target,scaffold_excluded,virtual_prior_minus_raw,virtual_prior,raw,map,146,1752,-0.017085143306350685,-0.026594372213556018,-0.00864855663886264,10000
3407,target,scaffold_excluded,virtual_prior_minus_raw,virtual_prior,raw,p_at_1,146,1752,-0.03995433789954338,-0.0684931506849315,-0.012557077625570774,10000
3407,target,scaffold_excluded,virtual_prior_minus_raw,virtual_prior,raw,p_at_5,146,1752,-0.02831050228310502,-0.04543378995433791,-0.012214611872146118,10000
3407,target,scaffold_excluded,virtual_prior_minus_raw,virtual_prior,raw,recall_at_10,146,1752,-0.0207848919661819,-0.031904993234451715,-0.010847058557670312,10000
3407,target,scaffold_excluded,virtual_prior_minus_raw,virtual_prior,raw,first_rank,146,1752,16.929794520547944,5.50423801369863,28.8294805936073,10000
3407,target,scaffold_excluded,virtual_prior_minus_raw,virtual_prior,raw,enrichment_at_10,146,1752,-2.2199689843251083,-3.417074703862184,-1.1483034491030333,10000
42,target,scaffold_excluded,virtual_prior_minus_raw,virtual_prior,raw,map,146,1752,-0.017565602704685167,-0.027155563642841433,-0.009328997400808213,10000
42,target,scaffold_excluded,virtual_prior_minus_raw,virtual_prior,raw,p_at_1,146,1752,-0.04566210045662101,-0.07191780821917808,-0.02054794520547945,10000
42,target,scaffold_excluded,virtual_prior_minus_raw,virtual_prior,raw,p_at_5,146,1752,-0.03242009132420092,-0.04885844748858447,-0.017348744292237483,10000
42,target,scaffold_excluded,virtual_prior_minus_raw,virtual_prior,raw,recall_at_10,146,1752,-0.02199685026192141,-0.033562383850837145,-0.011764910887507493,10000
42,target,scaffold_excluded,virtual_prior_minus_raw,virtual_prior,raw,first_rank,146,1752,22.497146118721464,11.003909817351598,34.01750856164383,10000
42,target,scaffold_excluded,virtual_prior_minus_raw,virtual_prior,raw,enrichment_at_10,146,1752,-2.347496139545678,-3.57736708599011,-1.2554426132474508,10000
2025,target,scaffold_excluded,virtual_prior_minus_raw,virtual_prior,raw,map,146,1752,-0.016526934899665526,-0.025769743768924932,-0.008392182855867382,10000
2025,target,scaffold_excluded,virtual_prior_minus_raw,virtual_prior,raw,p_at_1,146,1752,-0.04794520547945205,-0.0747716894977169,-0.02226027397260274,10000
2025,target,scaffold_excluded,virtual_prior_minus_raw,virtual_prior,raw,p_at_5,146,1752,-0.028767123287671233,-0.046004566210045665,-0.013013698630136987,10000
2025,target,scaffold_excluded,virtual_prior_minus_raw,virtual_prior,raw,recall_at_10,146,1752,-0.020908977617208488,-0.03262631241473138,-0.010742520963271282,10000
2025,target,scaffold_excluded,virtual_prior_minus_raw,virtual_prior,raw,first_rank,146,1752,20.44634703196347,9.893692922374429,31.43916952054794,10000
2025,target,scaffold_excluded,virtual_prior_minus_raw,virtual_prior,raw,enrichment_at_10,146,1752,-2.2329334245002426,-3.46639756098249,-1.1562054257800605,10000
mean_seeds,target,scaffold_excluded,virtual_prior_minus_raw,virtual_prior,raw,map,146,438,-0.01705922697023379,-0.026462963160445465,-0.008877918526423518,10000
mean_seeds,target,scaffold_excluded,virtual_prior_minus_raw,virtual_prior,raw,p_at_1,146,438,-0.04452054794520548,-0.07115677321156773,-0.0197869101978691,10000
mean_seeds,target,scaffold_excluded,virtual_prior_minus_raw,virtual_prior,raw,p_at_5,146,438,-0.029832572298325727,-0.04638508371385083,-0.014802130898021312,10000
mean_seeds,target,scaffold_excluded,virtual_prior_minus_raw,virtual_prior,raw,recall_at_10,146,438,-0.021230239948437264,-0.03257490430558042,-0.011148674301108894,10000
mean_seeds,target,scaffold_excluded,virtual_prior_minus_raw,virtual_prior,raw,first_rank,146,438,19.957762557077626,9.284194254185692,31.199224695585993,10000
mean_seeds,target,scaffold_excluded,virtual_prior_minus_raw,virtual_prior,raw,enrichment_at_10,146,438,-2.2667995161236765,-3.498554130443771,-1.1987371167442507,10000
3407,target,scaffold_excluded,posterior_ge_minus_raw,posterior_ge,raw,map,146,1748,-0.0006129589865431001,-0.003388943000214019,0.002159419177839432,10000
3407,target,scaffold_excluded,posterior_ge_minus_raw,posterior_ge,raw,p_at_1,146,1748,-0.007990867579908675,-0.025684931506849314,0.00856164383561644,10000
3407,target,scaffold_excluded,posterior_ge_minus_raw,posterior_ge,raw,p_at_5,146,1748,-0.00184931506849315,-0.008585045662100457,0.004772260273972595,10000
3407,target,scaffold_excluded,posterior_ge_minus_raw,posterior_ge,raw,recall_at_10,146,1748,-0.0015085973784393215,-0.005074982399466287,0.002057472477045106,10000
3407,target,scaffold_excluded,posterior_ge_minus_raw,posterior_ge,raw,first_rank,146,1748,0.25034246575342495,-4.369389269406392,4.782876712328764,10000
3407,target,scaffold_excluded,posterior_ge_minus_raw,posterior_ge,raw,enrichment_at_10,146,1748,-0.15948935049632032,-0.5499371543626678,0.2104967019138848,10000
42,target,scaffold_excluded,posterior_ge_minus_raw,posterior_ge,raw,map,146,1748,0.00015948771704604536,-0.002544782369586269,0.0027755935576089553,10000
42,target,scaffold_excluded,posterior_ge_minus_raw,posterior_ge,raw,p_at_1,146,1748,-0.0051369863013698645,-0.0228310502283105,0.011986301369863011,10000
42,target,scaffold_excluded,posterior_ge_minus_raw,posterior_ge,raw,p_at_5,146,1748,-0.00025114155251141523,-0.007351598173515981,0.006575342465753425,10000
42,target,scaffold_excluded,posterior_ge_minus_raw,posterior_ge,raw,recall_at_10,146,1748,-0.0004167113593897158,-0.004336123589271229,0.0036499789535999823,10000
42,target,scaffold_excluded,posterior_ge_minus_raw,posterior_ge,raw,first_rank,146,1748,-0.3372146118721464,-5.0748030821917816,4.396058789954337,10000
42,target,scaffold_excluded,posterior_ge_minus_raw,posterior_ge,raw,enrichment_at_10,146,1748,-0.04539542177162017,-0.47736204995267356,0.38441209310292523,10000
2025,target,scaffold_excluded,posterior_ge_minus_raw,posterior_ge,raw,map,146,1748,0.0002621045284300892,-0.002414096323453689,0.00307968010395595,10000
2025,target,scaffold_excluded,posterior_ge_minus_raw,posterior_ge,raw,p_at_1,146,1748,-0.0051369863013698645,-0.02226027397260274,0.01085901826483998,10000
2025,target,scaffold_excluded,posterior_ge_minus_raw,posterior_ge,raw,p_at_5,146,1748,-0.0011643835616438362,-0.0076712328767123295,0.005434360730593599,10000
2025,target,scaffold_excluded,posterior_ge_minus_raw,posterior_ge,raw,recall_at_10,146,1748,-0.0007417763533715038,-0.00461274603282384,0.0033149312843495163,10000
2025,target,scaffold_excluded,posterior_ge_minus_raw,posterior_ge,raw,first_rank,146,1748,-0.3835616438356164,-4.879700342465753,4.1684246575342465,10000
2025,target,scaffold_excluded,posterior_ge_minus_raw,posterior_ge,raw,enrichment_at_10,146,1748,-0.08095591772706602,-0.4869101256670346,0.3322906360760147,10000
mean_seeds,target,scaffold_excluded,posterior_ge_minus_raw,posterior_ge,raw,map,146,438,-6.378891368898818e-05,-0.0027414362398403094,0.0025760605574217652,10000
mean_seeds,target,scaffold_excluded,posterior_ge_minus_raw,posterior_ge,raw,p_at_1,146,438,-0.006088280060882799,-0.022640791476407917,0.0091371765601217,10000
mean_seeds,target,scaffold_excluded,posterior_ge_minus_raw,posterior_ge,raw,p_at_5,146,438,-0.0010882800608828013,-0.007519025875190258,0.00515220700152207,10000
mean_seeds,target,scaffold_excluded,posterior_ge_minus_raw,posterior_ge,raw,recall_at_10,146,438,-0.0008890283637335135,-0.004327693723902132,0.002591453166821757,10000
mean_seeds,target,scaffold_excluded,posterior_ge_minus_raw,posterior_ge,raw,first_rank,146,438,-0.15681126331811285,-4.659888698630137,4.208619672754946,10000
mean_seeds,target,scaffold_excluded,posterior_ge_minus_raw,posterior_ge,raw,enrichment_at_10,146,438,-0.09528022999833552,-0.4689733391306388,0.2809017352558282,10000
3407,target,tanimoto_gt_0.7_excluded,teacher_minus_raw,teacher,raw,map,146,1752,-0.0017006621767857847,-0.004780525230231425,0.001236868982975025,10000
3407,target,tanimoto_gt_0.7_excluded,teacher_minus_raw,teacher,raw,p_at_1,146,1752,-0.005707762557077624,-0.024543378995433792,0.011986301369863015,10000
3407,target,tanimoto_gt_0.7_excluded,teacher_minus_raw,teacher,raw,p_at_5,146,1752,-0.0027397260273972603,-0.010388127853881279,0.004452054794520547,10000
3407,target,tanimoto_gt_0.7_excluded,teacher_minus_raw,teacher,raw,recall_at_10,146,1752,-0.0021415791314719585,-0.006337527300856374,0.0016381307667804022,10000
3407,target,tanimoto_gt_0.7_excluded,teacher_minus_raw,teacher,raw,first_rank,146,1752,0.9189497716894982,-3.671832191780821,5.3203196347031945,10000
3407,target,tanimoto_gt_0.7_excluded,teacher_minus_raw,teacher,raw,enrichment_at_10,146,1752,-0.22919087091403292,-0.6767587475535396,0.18042720230886164,10000
42,target,tanimoto_gt_0.7_excluded,teacher_minus_raw,teacher,raw,map,146,1752,-0.0014706530082041294,-0.004355578960442869,0.0012545633729412302,10000
42,target,tanimoto_gt_0.7_excluded,teacher_minus_raw,teacher,raw,p_at_1,146,1752,-0.005707762557077626,-0.02454337899543379,0.012557077625570774,10000
42,target,tanimoto_gt_0.7_excluded,teacher_minus_raw,teacher,raw,p_at_5,146,1752,-0.004452054794520547,-0.012100456621004564,0.0028538812785388135,10000
42,target,tanimoto_gt_0.7_excluded,teacher_minus_raw,teacher,raw,recall_at_10,146,1752,-0.0018130399344119046,-0.006157917121675795,0.002477395759496461,10000
42,target,tanimoto_gt_0.7_excluded,teacher_minus_raw,teacher,raw,first_rank,146,1752,0.859018264840183,-3.5913955479452055,5.294534817351598,10000
42,target,tanimoto_gt_0.7_excluded,teacher_minus_raw,teacher,raw,enrichment_at_10,146,1752,-0.19402760590471968,-0.6729299048379476,0.26234502837126034,10000
2025,target,tanimoto_gt_0.7_excluded,teacher_minus_raw,teacher,raw,map,146,1752,-0.001562429322747192,-0.004751624233360403,0.0015555021265415512,10000
2025,target,tanimoto_gt_0.7_excluded,teacher_minus_raw,teacher,raw,p_at_1,146,1752,-0.007990867579908675,-0.02625570776255708,0.009132420091324199,10000
2025,target,tanimoto_gt_0.7_excluded,teacher_minus_raw,teacher,raw,p_at_5,146,1752,-0.0030821917808219173,-0.010159817351598174,0.0038812785388127853,10000
2025,target,tanimoto_gt_0.7_excluded,teacher_minus_raw,teacher,raw,recall_at_10,146,1752,-0.0020014279934907524,-0.005966452006548398,0.0018284907255431036,10000
2025,target,tanimoto_gt_0.7_excluded,teacher_minus_raw,teacher,raw,first_rank,146,1752,0.875,-3.4418093607305935,5.246018835616439,10000
2025,target,tanimoto_gt_0.7_excluded,teacher_minus_raw,teacher,raw,enrichment_at_10,146,1752,-0.21446496608567053,-0.6386558278822276,0.20953261897507117,10000
mean_seeds,target,tanimoto_gt_0.7_excluded,teacher_minus_raw,teacher,raw,map,146,438,-0.0015779148359123692,-0.00457088143395423,0.0012574558128051905,10000
mean_seeds,target,tanimoto_gt_0.7_excluded,teacher_minus_raw,teacher,raw,p_at_1,146,438,-0.006468797564687976,-0.023782343987823442,0.010088470319634635,10000
mean_seeds,target,tanimoto_gt_0.7_excluded,teacher_minus_raw,teacher,raw,p_at_5,146,438,-0.003424657534246575,-0.0106544901065449,0.0032724505327245057,10000
mean_seeds,target,tanimoto_gt_0.7_excluded,teacher_minus_raw,teacher,raw,recall_at_10,146,438,-0.0019853490197915386,-0.006100557222559436,0.0017925832283882176,10000
mean_seeds,target,tanimoto_gt_0.7_excluded,teacher_minus_raw,teacher,raw,first_rank,146,438,0.884322678843227,-3.3797754946727543,5.2173183028919325,10000
mean_seeds,target,tanimoto_gt_0.7_excluded,teacher_minus_raw,teacher,raw,enrichment_at_10,146,438,-0.21256114763480774,-0.642183928364197,0.18973189442338262,10000
3407,target,tanimoto_gt_0.7_excluded,posterior_ge_minus_teacher,posterior_ge,teacher,map,146,1748,0.0010668692660505917,0.00030202713376584694,0.002003595105131039,10000
3407,target,tanimoto_gt_0.7_excluded,posterior_ge_minus_teacher,posterior_ge,teacher,p_at_1,146,1748,-0.0022831050228310505,-0.008561643835616438,0.003995433789954338,10000
3407,target,tanimoto_gt_0.7_excluded,posterior_ge_minus_teacher,posterior_ge,teacher,p_at_5,146,1748,0.0009132420091324203,-0.00136986301369863,0.0031963470319634705,10000
3407,target,tanimoto_gt_0.7_excluded,posterior_ge_minus_teacher,posterior_ge,teacher,recall_at_10,146,1748,0.0009902244139048924,-0.0003407825704524786,0.0023860654428871485,10000
3407,target,tanimoto_gt_0.7_excluded,posterior_ge_minus_teacher,posterior_ge,teacher,first_rank,146,1748,-0.5542237442922374,-1.5788898401826483,0.4760416666666665,10000
3407,target,tanimoto_gt_0.7_excluded,posterior_ge_minus_teacher,posterior_ge,teacher,enrichment_at_10,146,1748,0.10603920406378396,-0.03716931007958887,0.25633129397680415,10000
42,target,tanimoto_gt_0.7_excluded,posterior_ge_minus_teacher,posterior_ge,teacher,map,146,1748,0.0015280417232969462,0.0005914360325895426,0.002729415442064813,10000
42,target,tanimoto_gt_0.7_excluded,posterior_ge_minus_teacher,posterior_ge,teacher,p_at_1,146,1748,0.0005707762557077629,-0.007420091324200913,0.008561643835616438,10000
42,target,tanimoto_gt_0.7_excluded,posterior_ge_minus_teacher,posterior_ge,teacher,p_at_5,146,1748,0.0039954337899543385,0.001027397260273973,0.007077625570776255,10000
42,target,tanimoto_gt_0.7_excluded,posterior_ge_minus_teacher,posterior_ge,teacher,recall_at_10,146,1748,0.0014893535796017107,-0.00038255522523276427,0.0039659673484715805,10000
42,target,tanimoto_gt_0.7_excluded,posterior_ge_minus_teacher,posterior_ge,teacher,first_rank,146,1748,-0.8030821917808219,-2.1935644977168947,0.6780964611872144,10000
42,target,tanimoto_gt_0.7_excluded,posterior_ge_minus_teacher,posterior_ge,teacher,enrichment_at_10,146,1748,0.15942130771982846,-0.03968642296798672,0.41597809074002756,10000
2025,target,tanimoto_gt_0.7_excluded,posterior_ge_minus_teacher,posterior_ge,teacher,map,146,1748,0.0017883816733813612,0.000750696253471604,0.0031199401724441578,10000
2025,target,tanimoto_gt_0.7_excluded,posterior_ge_minus_teacher,posterior_ge,teacher,p_at_1,146,1748,0.0028538812785388126,-0.003424657534246575,0.009703196347031963,10000
2025,target,tanimoto_gt_0.7_excluded,posterior_ge_minus_teacher,posterior_ge,teacher,p_at_5,146,1748,0.0013698630136986304,-0.0014840182648401831,0.0043378995433789955,10000
2025,target,tanimoto_gt_0.7_excluded,posterior_ge_minus_teacher,posterior_ge,teacher,recall_at_10,146,1748,0.0010832947349241812,-0.00032316478077961064,0.0025431043561920876,10000
2025,target,tanimoto_gt_0.7_excluded,posterior_ge_minus_teacher,posterior_ge,teacher,first_rank,146,1748,-0.9891552511415524,-2.2407648401826483,0.28275684931506695,10000
2025,target,tanimoto_gt_0.7_excluded,posterior_ge_minus_teacher,posterior_ge,teacher,enrichment_at_10,146,1748,0.11612733651979074,-0.034182688655316984,0.27570201652608944,10000
mean_seeds,target,tanimoto_gt_0.7_excluded,posterior_ge_minus_teacher,posterior_ge,teacher,map,146,438,0.0014610975542429664,0.000637285327835392,0.002533670377842432,10000
mean_seeds,target,tanimoto_gt_0.7_excluded,posterior_ge_minus_teacher,posterior_ge,teacher,p_at_1,146,438,0.0003805175038051754,-0.003995433789954338,0.004566210045662101,10000
mean_seeds,target,tanimoto_gt_0.7_excluded,posterior_ge_minus_teacher,posterior_ge,teacher,p_at_5,146,438,0.002092846270928463,7.610350076103503e-05,0.004223744292237443,10000
mean_seeds,target,tanimoto_gt_0.7_excluded,posterior_ge_minus_teacher,posterior_ge,teacher,recall_at_10,146,438,0.0011876242428102617,7.069116359922053e-06,0.0026030681752891214,10000
mean_seeds,target,tanimoto_gt_0.7_excluded,posterior_ge_minus_teacher,posterior_ge,teacher,first_rank,146,438,-0.7821537290715374,-1.8328101217656014,0.34839707001521997,10000
mean_seeds,target,tanimoto_gt_0.7_excluded,posterior_ge_minus_teacher,posterior_ge,teacher,enrichment_at_10,146,438,0.12719594943446774,-0.0006108918174108041,0.2829582550594448,10000
3407,target,tanimoto_gt_0.7_excluded,virtual_prior_minus_raw,virtual_prior,raw,map,146,1752,-0.016196281185253125,-0.025441434739773554,-0.007571190581190964,10000
3407,target,tanimoto_gt_0.7_excluded,virtual_prior_minus_raw,virtual_prior,raw,p_at_1,146,1752,-0.037100456621004564,-0.06678082191780822,-0.007990867579908677,10000
3407,target,tanimoto_gt_0.7_excluded,virtual_prior_minus_raw,virtual_prior,raw,p_at_5,146,1752,-0.027511415525114147,-0.04486301369863013,-0.011187214611872144,10000
3407,target,tanimoto_gt_0.7_excluded,virtual_prior_minus_raw,virtual_prior,raw,recall_at_10,146,1752,-0.019355177284351568,-0.03059469640705206,-0.008655216586650647,10000
3407,target,tanimoto_gt_0.7_excluded,virtual_prior_minus_raw,virtual_prior,raw,first_rank,146,1752,15.240296803652969,3.318992579908676,27.18711472602739,10000
3407,target,tanimoto_gt_0.7_excluded,virtual_prior_minus_raw,virtual_prior,raw,enrichment_at_10,146,1752,-2.069145683114054,-3.3065116783383357,-0.9275894047355416,10000
42,target,tanimoto_gt_0.7_excluded,virtual_prior_minus_raw,virtual_prior,raw,map,146,1752,-0.016784508874549704,-0.026269220811913338,-0.008396540618715748,10000
42,target,tanimoto_gt_0.7_excluded,virtual_prior_minus_raw,virtual_prior,raw,p_at_1,146,1752,-0.045091324200913246,-0.07191780821917808,-0.020547945205479454,10000
42,target,tanimoto_gt_0.7_excluded,virtual_prior_minus_raw,virtual_prior,raw,p_at_5,146,1752,-0.030936073059360737,-0.04760273972602739,-0.015296803652968037,10000
42,target,tanimoto_gt_0.7_excluded,virtual_prior_minus_raw,virtual_prior,raw,recall_at_10,146,1752,-0.020240048739769197,-0.0321396129111245,-0.009630133316783042,10000
42,target,tanimoto_gt_0.7_excluded,virtual_prior_minus_raw,virtual_prior,raw,first_rank,146,1752,20.90353881278539,9.100028538812785,33.07198915525114,10000
42,target,tanimoto_gt_0.7_excluded,virtual_prior_minus_raw,virtual_prior,raw,enrichment_at_10,146,1752,-2.1637585486539574,-3.428175642573771,-1.0139067008180866,10000
2025,target,tanimoto_gt_0.7_excluded,virtual_prior_minus_raw,virtual_prior,raw,map,146,1752,-0.015660855026530276,-0.02496531165675808,-0.007235138461492348,10000
2025,target,tanimoto_gt_0.7_excluded,virtual_prior_minus_raw,virtual_prior,raw,p_at_1,146,1752,-0.045091324200913246,-0.0730736301369863,-0.018835616438356163,10000
2025,target,tanimoto_gt_0.7_excluded,virtual_prior_minus_raw,virtual_prior,raw,p_at_5,146,1752,-0.027511415525114154,-0.04486586757990867,-0.011301369863013699,10000
2025,target,tanimoto_gt_0.7_excluded,virtual_prior_minus_raw,virtual_prior,raw,recall_at_10,146,1752,-0.020021169246387797,-0.03200285331481369,-0.009114643259226451,10000
2025,target,tanimoto_gt_0.7_excluded,virtual_prior_minus_raw,virtual_prior,raw,first_rank,146,1752,18.748858447488583,8.156820776255707,29.882020547945203,10000
2025,target,tanimoto_gt_0.7_excluded,virtual_prior_minus_raw,virtual_prior,raw,enrichment_at_10,146,1752,-2.1403510229648997,-3.383145247400864,-1.0239941974953068,10000
mean_seeds,target,tanimoto_gt_0.7_excluded,virtual_prior_minus_raw,virtual_prior,raw,map,146,438,-0.01621388169544437,-0.025723275368462428,-0.00781214293671945,10000
mean_seeds,target,tanimoto_gt_0.7_excluded,virtual_prior_minus_raw,virtual_prior,raw,p_at_1,146,438,-0.04242770167427702,-0.0700152207001522,-0.016552511415525117,10000
mean_seeds,target,tanimoto_gt_0.7_excluded,virtual_prior_minus_raw,virtual_prior,raw,p_at_5,146,438,-0.028652968036529683,-0.04505422374429223,-0.01328006088280061,10000
mean_seeds,target,tanimoto_gt_0.7_excluded,virtual_prior_minus_raw,virtual_prior,raw,recall_at_10,146,438,-0.01987213175683619,-0.031503749176119304,-0.009177598862973101,10000
mean_seeds,target,tanimoto_gt_0.7_excluded,virtual_prior_minus_raw,virtual_prior,raw,first_rank,146,438,18.297564687975648,6.989259893455099,29.769382610350075,10000
mean_seeds,target,tanimoto_gt_0.7_excluded,virtual_prior_minus_raw,virtual_prior,raw,enrichment_at_10,146,438,-2.1244184182443036,-3.366513512256552,-1.0064797887152055,10000
3407,target,tanimoto_gt_0.7_excluded,posterior_ge_minus_raw,posterior_ge,raw,map,146,1748,-0.000638011359971413,-0.003421687504439532,0.0021209121495016797,10000
3407,target,tanimoto_gt_0.7_excluded,posterior_ge_minus_raw,posterior_ge,raw,p_at_1,146,1748,-0.007990867579908674,-0.02625570776255708,0.009132420091324202,10000
3407,target,tanimoto_gt_0.7_excluded,posterior_ge_minus_raw,posterior_ge,raw,p_at_5,146,1748,-0.0018493150684931509,-0.008448059360730594,0.004726027397260274,10000
3407,target,tanimoto_gt_0.7_excluded,posterior_ge_minus_raw,posterior_ge,raw,recall_at_10,146,1748,-0.0011385122518136421,-0.004702328393365529,0.002326746509272627,10000
3407,target,tanimoto_gt_0.7_excluded,posterior_ge_minus_raw,posterior_ge,raw,first_rank,146,1748,0.3473744292237445,-4.449129566210045,5.068869863013698,10000
3407,target,tanimoto_gt_0.7_excluded,posterior_ge_minus_raw,posterior_ge,raw,enrichment_at_10,146,1748,-0.12179864173609367,-0.5005084583545867,0.2505935033350485,10000
42,target,tanimoto_gt_0.7_excluded,posterior_ge_minus_raw,posterior_ge,raw,map,146,1748,5.64791036322158e-05,-0.0026845455867737958,0.002645359476720488,10000
42,target,tanimoto_gt_0.7_excluded,posterior_ge_minus_raw,posterior_ge,raw,p_at_1,146,1748,-0.005136986301369863,-0.02340182648401826,0.012557077625570777,10000
42,target,tanimoto_gt_0.7_excluded,posterior_ge_minus_raw,posterior_ge,raw,p_at_5,146,1748,-0.0004794520547945202,-0.0075570776255707755,0.006461187214611873,10000
42,target,tanimoto_gt_0.7_excluded,posterior_ge_minus_raw,posterior_ge,raw,recall_at_10,146,1748,-0.00031797859225311673,-0.004258463897568866,0.0036905859757392087,10000
42,target,tanimoto_gt_0.7_excluded,posterior_ge_minus_raw,posterior_ge,raw,first_rank,146,1748,0.05319634703196337,-4.623501712328768,4.878667237442922,10000
42,target,tanimoto_gt_0.7_excluded,posterior_ge_minus_raw,posterior_ge,raw,enrichment_at_10,146,1748,-0.034018826723704106,-0.44797979545132044,0.39875266600811415,10000
2025,target,tanimoto_gt_0.7_excluded,posterior_ge_minus_raw,posterior_ge,raw,map,146,1748,0.0002183384281719046,-0.002538209313079683,0.003030992804950052,10000
2025,target,tanimoto_gt_0.7_excluded,posterior_ge_minus_raw,posterior_ge,raw,p_at_1,146,1748,-0.005136986301369862,-0.022831050228310508,0.01141552511415525,10000
2025,target,tanimoto_gt_0.7_excluded,posterior_ge_minus_raw,posterior_ge,raw,p_at_5,146,1748,-0.0017351598173515987,-0.008356164383561645,0.004863013698630137,10000
2025,target,tanimoto_gt_0.7_excluded,posterior_ge_minus_raw,posterior_ge,raw,recall_at_10,146,1748,-0.000912425496009493,-0.004769664648490967,0.0030746047549491218,10000
2025,target,tanimoto_gt_0.7_excluded,posterior_ge_minus_raw,posterior_ge,raw,first_rank,146,1748,-0.04851598173516008,-4.511583904109588,4.437411529680364,10000
2025,target,tanimoto_gt_0.7_excluded,posterior_ge_minus_raw,posterior_ge,raw,enrichment_at_10,146,1748,-0.09775015810469256,-0.5082563333662482,0.3249902347453819,10000
mean_seeds,target,tanimoto_gt_0.7_excluded,posterior_ge_minus_raw,posterior_ge,raw,map,146,438,-0.00012106460938909766,-0.0027484766114797,0.002507289604181238,10000
mean_seeds,target,tanimoto_gt_0.7_excluded,posterior_ge_minus_raw,posterior_ge,raw,p_at_1,146,438,-0.0060882800608827985,-0.023401826484018264,0.009703196347031963,10000
mean_seeds,target,tanimoto_gt_0.7_excluded,posterior_ge_minus_raw,posterior_ge,raw,p_at_5,146,438,-0.0013546423135464233,-0.007747336377473364,0.004924277016742764,10000
mean_seeds,target,tanimoto_gt_0.7_excluded,posterior_ge_minus_raw,posterior_ge,raw,recall_at_10,146,438,-0.0007896387800254174,-0.004332257970884604,0.002751449953975751,10000
mean_seeds,target,tanimoto_gt_0.7_excluded,posterior_ge_minus_raw,posterior_ge,raw,first_rank,146,438,0.11735159817351612,-4.437420091324199,4.593939307458144,10000
mean_seeds,target,tanimoto_gt_0.7_excluded,posterior_ge_minus_raw,posterior_ge,raw,enrichment_at_10,146,438,-0.08452254218816345,-0.4575799028206848,0.2825561306478484,10000
