dataset,setting,target_line,n_compounds,metric,comparator_method,raw_mean,raw_ci_low,raw_ci_high,comparator_mean,comparator_ci_low,comparator_ci_high,difference,difference_ci_low,difference_ci_high,bootstrap_draws,bootstrap_seed,ci_unit,ci_status,metric_status
BBBC047,2R,,4040,raw_target_rmse,CFRA+Res,0.77061184513473624,0.75925554381604687,0.7822189064803925,0.76653723354771375,0.75521017516956712,0.77794008122828384,-0.0040746115870224841,-0.0053825514820144164,-0.0027826930769612687,10000,462985010,compound,pointwise_95_percent,posthoc_frozen_prediction_supplement
BBBC047,3R,,4000,raw_target_rmse,CFRA+Res,0.68180144410403043,0.67188343351491875,0.69222675171043546,0.67547591205256008,0.66562774057260721,0.68573989291680049,-0.0063255320514702803,-0.0075895431368246166,-0.0050718925451898912,10000,2199553244,compound,pointwise_95_percent,posthoc_frozen_prediction_supplement
BBBC047,4R,,3606,raw_target_rmse,CFRA+Res,0.63828363023123003,0.62798308549917359,0.64870187823247638,0.63144242726853406,0.62129801497750026,0.64180894412547151,-0.006841202962695833,-0.0081348491009866162,-0.0055351450632876555,10000,2114731362,compound,pointwise_95_percent,posthoc_frozen_prediction_supplement
sci-Plex3,Unseen,A549,36,raw_target_rmse,CFRA,0.83180532994716927,0.82019810222067169,0.84374130746108189,0.82258955629018926,0.81070895693553291,0.83472660501049423,-0.0092157736569799739,-0.0097130666159296782,-0.0087201780074801609,10000,1168038729,drug_within_target_line,pointwise_95_percent,posthoc_frozen_prediction_supplement
sci-Plex3,Unseen,K562,36,raw_target_rmse,CFRA,0.87602439838406998,0.86455234893399779,0.88866334306141781,0.86994821756847307,0.85830728580890991,0.88275634477118448,-0.0060761808155968726,-0.0065680075595326735,-0.0055995561746073948,10000,1168038729,drug_within_target_line,pointwise_95_percent,posthoc_frozen_prediction_supplement
sci-Plex3,Unseen,MCF7,36,raw_target_rmse,CFRA,0.53944693908753927,0.52994111971437252,0.5502624313757587,0.50302754989057208,0.49265421629035444,0.5148570251363116,-0.036419389196967293,-0.037675746682046027,-0.035061283568268112,10000,1168038729,drug_within_target_line,pointwise_95_percent,posthoc_frozen_prediction_supplement
sci-Plex3,Unseen,equal_line_macro,36,raw_target_rmse,CFRA,0.74909222247292606,0.74252242940461899,0.75578917215262031,0.73185510791641162,0.72501958368033226,0.73880754153850881,-0.017237114556514627,-0.017714814969033758,-0.016726712404259946,10000,1168038729,drug_within_target_line,pointwise_95_percent,posthoc_frozen_prediction_supplement
sci-Plex3,Seen,A549,183,raw_target_rmse,CFRA,0.84375357936785234,0.83649218255562896,0.85169175043418932,0.83245031091077304,0.82501702587595982,0.84064100867872471,-0.011303268457079206,-0.011649128759504643,-0.010936257881268705,10000,196694244,drug_within_target_line,pointwise_95_percent,posthoc_frozen_prediction_supplement
sci-Plex3,Seen,K562,183,raw_target_rmse,CFRA,0.88100674314795402,0.87291547313671969,0.89002924130179817,0.87358566063141074,0.86538767031274544,0.88279023773186183,-0.007421082516543301,-0.0076619198441204659,-0.007164139571882628,10000,196694244,drug_within_target_line,pointwise_95_percent,posthoc_frozen_prediction_supplement
sci-Plex3,Seen,MCF7,183,raw_target_rmse,CFRA,0.56045295018609265,0.55277172260088936,0.56939835403586425,0.52081517709688563,0.5123810438047135,0.53047755851288436,-0.039637773089206949,-0.040625090121966315,-0.038612796891751018,10000,196694244,drug_within_target_line,pointwise_95_percent,posthoc_frozen_prediction_supplement
sci-Plex3,Seen,equal_line_macro,183,raw_target_rmse,CFRA,0.76173775756729978,0.75717430859038792,0.76661677852373722,0.74228371621302303,0.7375105400454679,0.74740735596826524,-0.019454041354276825,-0.019816598610389473,-0.019089720044312936,10000,196694244,drug_within_target_line,pointwise_95_percent,posthoc_frozen_prediction_supplement
