surface,target_cell_line,metric,method,n_drugs,mean,ci_low,ci_high,bootstrap_draws,ci_source
cross_cell_unseen,A549,delta_pcc,M0_RawAggregate,36,0.0049278203357310613,0.00045610538862499064,0.0094721448314784573,10000,report_only_saved_macro_bootstrap_indices
cross_cell_unseen,K562,delta_pcc,M0_RawAggregate,36,0.0035426082624405255,-0.0017646573398451149,0.0089622722541595062,10000,report_only_saved_macro_bootstrap_indices
cross_cell_unseen,MCF7,delta_pcc,M0_RawAggregate,36,0.012040862883199685,0.0074662558146714724,0.016804760534613734,10000,report_only_saved_macro_bootstrap_indices
cross_cell_unseen,equal_line_macro,delta_pcc,M0_RawAggregate,36,0.0068370971604570898,0.0040122134629338871,0.0096548693075079982,10000,report_only_saved_macro_bootstrap_indices
cross_cell_unseen,A549,delta_pcc,M1_CFRA1Aggregate,36,0.0044144245995943144,-0.00065035223160215963,0.0094877973125665604,10000,report_only_saved_macro_bootstrap_indices
cross_cell_unseen,K562,delta_pcc,M1_CFRA1Aggregate,36,0.010127450495201902,0.0051924017541712872,0.015237214674707756,10000,report_only_saved_macro_bootstrap_indices
cross_cell_unseen,MCF7,delta_pcc,M1_CFRA1Aggregate,36,0.014274976592935291,0.0094359671556739806,0.019088263133271572,10000,report_only_saved_macro_bootstrap_indices
cross_cell_unseen,equal_line_macro,delta_pcc,M1_CFRA1Aggregate,36,0.009605617229243836,0.0067540342919067244,0.012486641171953541,10000,report_only_saved_macro_bootstrap_indices
cross_cell_unseen,A549,delta_pcc,M2_CFRA1Residual,36,0.0023483836299233222,-0.0018652734764409639,0.0065930205531387698,10000,report_only_saved_macro_bootstrap_indices
cross_cell_unseen,K562,delta_pcc,M2_CFRA1Residual,36,-0.00068673013289849481,-0.0062765492579351578,0.0049325958003664551,10000,report_only_saved_macro_bootstrap_indices
cross_cell_unseen,MCF7,delta_pcc,M2_CFRA1Residual,36,0.0089894279961757664,0.0047904733764322959,0.013366043686021281,10000,report_only_saved_macro_bootstrap_indices
cross_cell_unseen,equal_line_macro,delta_pcc,M2_CFRA1Residual,36,0.0035503604977335317,0.00080556690027575398,0.0063171840204284029,10000,report_only_saved_macro_bootstrap_indices
cross_cell_unseen,A549,full_target_pcc,M0_RawAggregate,36,0.82311822131302859,0.81884839933046771,0.82736331955456421,10000,report_only_saved_macro_bootstrap_indices
cross_cell_unseen,K562,full_target_pcc,M0_RawAggregate,36,0.78992680415761773,0.78482400428572585,0.79458276612289735,10000,report_only_saved_macro_bootstrap_indices
cross_cell_unseen,MCF7,full_target_pcc,M0_RawAggregate,36,0.90515643180871586,0.90066525713510304,0.90913532812478448,10000,report_only_saved_macro_bootstrap_indices
cross_cell_unseen,equal_line_macro,full_target_pcc,M0_RawAggregate,36,0.83940048575978743,0.83677387237351986,0.84195968024419132,10000,report_only_saved_macro_bootstrap_indices
cross_cell_unseen,A549,full_target_pcc,M1_CFRA1Aggregate,36,0.82773510485657453,0.82347908374411194,0.83199319643433445,10000,report_only_saved_macro_bootstrap_indices
cross_cell_unseen,K562,full_target_pcc,M1_CFRA1Aggregate,36,0.79374538812745243,0.78870383996825322,0.79838817367533388,10000,report_only_saved_macro_bootstrap_indices
cross_cell_unseen,MCF7,full_target_pcc,M1_CFRA1Aggregate,36,0.91544477977483274,0.91092081566951677,0.91943519995375866,10000,report_only_saved_macro_bootstrap_indices
cross_cell_unseen,equal_line_macro,full_target_pcc,M1_CFRA1Aggregate,36,0.84564175758628657,0.84300243850161583,0.84821216410587619,10000,report_only_saved_macro_bootstrap_indices
cross_cell_unseen,A549,full_target_pcc,M2_CFRA1Residual,36,0.81749203451737151,0.8132095932789094,0.82173216851624098,10000,report_only_saved_macro_bootstrap_indices
cross_cell_unseen,K562,full_target_pcc,M2_CFRA1Residual,36,0.78721137023445087,0.78209638254687475,0.79187129565987668,10000,report_only_saved_macro_bootstrap_indices
cross_cell_unseen,MCF7,full_target_pcc,M2_CFRA1Residual,36,0.90336635921813035,0.89886521488609583,0.90730944635803368,10000,report_only_saved_macro_bootstrap_indices
cross_cell_unseen,equal_line_macro,full_target_pcc,M2_CFRA1Residual,36,0.83602325465665095,0.83339016467700899,0.83858130214100224,10000,report_only_saved_macro_bootstrap_indices
cross_cell_unseen,A549,z_same_F,M0_RawAggregate,36,0.0037692334295977691,0.00047677804345952772,0.007092761421042061,10000,report_only_saved_macro_bootstrap_indices
cross_cell_unseen,K562,z_same_F,M0_RawAggregate,36,0.0026296071356673853,-0.001192423220978122,0.0065314467750799913,10000,report_only_saved_macro_bootstrap_indices
cross_cell_unseen,MCF7,z_same_F,M0_RawAggregate,36,0.0081756789867030496,0.0049003877863357864,0.011613799245883655,10000,report_only_saved_macro_bootstrap_indices
cross_cell_unseen,equal_line_macro,z_same_F,M0_RawAggregate,36,0.0048581731839894013,0.0028085722908680034,0.0068927884928162838,10000,report_only_saved_macro_bootstrap_indices
cross_cell_unseen,A549,z_same_F,M1_CFRA1Aggregate,36,0.0034591612657538314,-0.0002173821711931258,0.0071466802630962669,10000,report_only_saved_macro_bootstrap_indices
cross_cell_unseen,K562,z_same_F,M1_CFRA1Aggregate,36,0.0073770027480350685,0.003811789670354046,0.011102586777422574,10000,report_only_saved_macro_bootstrap_indices
cross_cell_unseen,MCF7,z_same_F,M1_CFRA1Aggregate,36,0.0096363212899297206,0.0061635593746597415,0.013062451626285651,10000,report_only_saved_macro_bootstrap_indices
cross_cell_unseen,equal_line_macro,z_same_F,M1_CFRA1Aggregate,36,0.0068241617679062061,0.0047857004616922508,0.0089010980281015242,10000,report_only_saved_macro_bootstrap_indices
cross_cell_unseen,A549,z_same_F,M2_CFRA1Residual,36,0.0019465591065170056,-0.0011081928549672149,0.0049802964208368102,10000,report_only_saved_macro_bootstrap_indices
cross_cell_unseen,K562,z_same_F,M2_CFRA1Residual,36,-0.00042005926795438646,-0.0044556295013191997,0.0036484249598604476,10000,report_only_saved_macro_bootstrap_indices
cross_cell_unseen,MCF7,z_same_F,M2_CFRA1Residual,36,0.0063276662127176109,0.003400773342862316,0.0094337674083945621,10000,report_only_saved_macro_bootstrap_indices
cross_cell_unseen,equal_line_macro,z_same_F,M2_CFRA1Residual,36,0.002618055350426743,0.0006451446111789596,0.0046104309193522163,10000,report_only_saved_macro_bootstrap_indices
cross_cell_unseen,A549,z_foreign_F,M0_RawAggregate,36,0.0020075945342069158,0.001441585745857736,0.0025454875621937906,10000,report_only_saved_macro_bootstrap_indices
cross_cell_unseen,K562,z_foreign_F,M0_RawAggregate,36,-0.00093371812910334113,-0.0012810707216378901,-0.00059770941911684505,10000,report_only_saved_macro_bootstrap_indices
cross_cell_unseen,MCF7,z_foreign_F,M0_RawAggregate,36,0.0054072736413477004,0.0049406693437345226,0.0058688590103913515,10000,report_only_saved_macro_bootstrap_indices
cross_cell_unseen,equal_line_macro,z_foreign_F,M0_RawAggregate,36,0.0021603833488170916,0.0018900383078414406,0.0024200985165156101,10000,report_only_saved_macro_bootstrap_indices
cross_cell_unseen,A549,z_foreign_F,M1_CFRA1Aggregate,36,0.0040279651342713073,0.003301656418929909,0.004748265391040671,10000,report_only_saved_macro_bootstrap_indices
cross_cell_unseen,K562,z_foreign_F,M1_CFRA1Aggregate,36,0.0063915978720452578,0.0060354736095876759,0.0067250524048011809,10000,report_only_saved_macro_bootstrap_indices
cross_cell_unseen,MCF7,z_foreign_F,M1_CFRA1Aggregate,36,0.0078698166242714626,0.0074198929158136783,0.0083082771801218265,10000,report_only_saved_macro_bootstrap_indices
cross_cell_unseen,equal_line_macro,z_foreign_F,M1_CFRA1Aggregate,36,0.0060964598768626756,0.0057889768731947391,0.0063977696546771686,10000,report_only_saved_macro_bootstrap_indices
cross_cell_unseen,A549,z_foreign_F,M2_CFRA1Residual,36,0.0008207514270473983,0.00027766271549350545,0.0013560544469308515,10000,report_only_saved_macro_bootstrap_indices
cross_cell_unseen,K562,z_foreign_F,M2_CFRA1Residual,36,-0.004020685390916605,-0.0043433287576099943,-0.0037156672234721819,10000,report_only_saved_macro_bootstrap_indices
cross_cell_unseen,MCF7,z_foreign_F,M2_CFRA1Residual,36,0.0043209455405829062,0.003789140069605739,0.0048502180542894496,10000,report_only_saved_macro_bootstrap_indices
cross_cell_unseen,equal_line_macro,z_foreign_F,M2_CFRA1Residual,36,0.00037367052557123306,9.6642143200485392e-05,0.00064181697436198836,10000,report_only_saved_macro_bootstrap_indices
cross_cell_unseen,A549,E,M0_RawAggregate,36,0.0017616388953908164,-0.0016442052319345058,0.0051361610758582999,10000,report_only_saved_macro_bootstrap_indices
cross_cell_unseen,K562,E,M0_RawAggregate,36,0.0035633252647707648,-0.00028348005562718668,0.0074849329836332596,10000,report_only_saved_macro_bootstrap_indices
cross_cell_unseen,MCF7,E,M0_RawAggregate,36,0.0027684053453553101,-0.00037428191796674934,0.0060713053853619324,10000,report_only_saved_macro_bootstrap_indices
cross_cell_unseen,equal_line_macro,E,M0_RawAggregate,36,0.0026977898351722971,0.00066708175418889399,0.0047190096529761832,10000,report_only_saved_macro_bootstrap_indices
cross_cell_unseen,A549,E,M1_CFRA1Aggregate,36,-0.0005688038685175078,-0.0039040796922875736,0.0028171072943316933,10000,report_only_saved_macro_bootstrap_indices
cross_cell_unseen,K562,E,M1_CFRA1Aggregate,36,0.0009854048759897838,-0.0026323486929590335,0.0046730708136182141,10000,report_only_saved_macro_bootstrap_indices
cross_cell_unseen,MCF7,E,M1_CFRA1Aggregate,36,0.0017665046656582296,-0.0016308500703236084,0.0051613411933330794,10000,report_only_saved_macro_bootstrap_indices
cross_cell_unseen,equal_line_macro,E,M1_CFRA1Aggregate,36,0.00072770189104350187,-0.0012537797416914949,0.0027259406471640464,10000,report_only_saved_macro_bootstrap_indices
cross_cell_unseen,A549,E,M2_CFRA1Residual,36,0.0011258076794696109,-0.0020511371300741127,0.0042459104920462322,10000,report_only_saved_macro_bootstrap_indices
cross_cell_unseen,K562,E,M2_CFRA1Residual,36,0.0036006261229622393,-0.00048420786052106164,0.0076894981188297719,10000,report_only_saved_macro_bootstrap_indices
cross_cell_unseen,MCF7,E,M2_CFRA1Residual,36,0.0020067206721346587,-0.00081308857222046622,0.0049838226418893504,10000,report_only_saved_macro_bootstrap_indices
cross_cell_unseen,equal_line_macro,E,M2_CFRA1Residual,36,0.0022443848248555032,0.00026184635656934256,0.004263992835949291,10000,report_only_saved_macro_bootstrap_indices
cross_cell_seen,A549,delta_pcc,M0_RawAggregate,183,0.0094033733040644399,0.0060168759008230668,0.013186276490128934,10000,report_only_saved_macro_bootstrap_indices
cross_cell_seen,K562,delta_pcc,M0_RawAggregate,183,0.0045942896649003966,0.0012920737156354623,0.008197578736096783,10000,report_only_saved_macro_bootstrap_indices
cross_cell_seen,MCF7,delta_pcc,M0_RawAggregate,183,0.012703673108063645,0.010599724575878116,0.01476456962938461,10000,report_only_saved_macro_bootstrap_indices
cross_cell_seen,equal_line_macro,delta_pcc,M0_RawAggregate,183,0.0089004453590094939,0.007110780425694371,0.010721467234104739,10000,report_only_saved_macro_bootstrap_indices
cross_cell_seen,A549,delta_pcc,M1_CFRA1Aggregate,183,0.0079542912926047291,0.004576021859382981,0.011694398723985524,10000,report_only_saved_macro_bootstrap_indices
cross_cell_seen,K562,delta_pcc,M1_CFRA1Aggregate,183,0.011879862402329303,0.008594827653315866,0.015411881074067378,10000,report_only_saved_macro_bootstrap_indices
cross_cell_seen,MCF7,delta_pcc,M1_CFRA1Aggregate,183,0.013108341317401314,0.010826644735346681,0.015323807349850459,10000,report_only_saved_macro_bootstrap_indices
cross_cell_seen,equal_line_macro,delta_pcc,M1_CFRA1Aggregate,183,0.01098083167077845,0.0092086889952814593,0.012811308170188782,10000,report_only_saved_macro_bootstrap_indices
cross_cell_seen,A549,delta_pcc,M2_CFRA1Residual,183,0.0061235122612960787,0.0031066772541609783,0.0094039373140710342,10000,report_only_saved_macro_bootstrap_indices
cross_cell_seen,K562,delta_pcc,M2_CFRA1Residual,183,0.00042903380422208557,-0.0025524086258567921,0.0036559772808145859,10000,report_only_saved_macro_bootstrap_indices
cross_cell_seen,MCF7,delta_pcc,M2_CFRA1Residual,183,0.010132431295290911,0.007923970687283349,0.012328431511079613,10000,report_only_saved_macro_bootstrap_indices
cross_cell_seen,equal_line_macro,delta_pcc,M2_CFRA1Residual,183,0.005561659120269691,0.003918975551105622,0.0071979481608924886,10000,report_only_saved_macro_bootstrap_indices
cross_cell_seen,A549,full_target_pcc,M0_RawAggregate,183,0.81727539594075238,0.81384092234261607,0.82035661314254704,10000,report_only_saved_macro_bootstrap_indices
cross_cell_seen,K562,full_target_pcc,M0_RawAggregate,183,0.78688300349410356,0.78287336368855975,0.79042103525580187,10000,report_only_saved_macro_bootstrap_indices
cross_cell_seen,MCF7,full_target_pcc,M0_RawAggregate,183,0.89714628582226652,0.89302178978682667,0.9006657427568906,10000,report_only_saved_macro_bootstrap_indices
cross_cell_seen,equal_line_macro,full_target_pcc,M0_RawAggregate,183,0.83376822841904075,0.83157670977682308,0.83577863505620986,10000,report_only_saved_macro_bootstrap_indices
cross_cell_seen,A549,full_target_pcc,M1_CFRA1Aggregate,183,0.82285496460614871,0.81932570293898288,0.82598658338233666,10000,report_only_saved_macro_bootstrap_indices
cross_cell_seen,K562,full_target_pcc,M1_CFRA1Aggregate,183,0.79102834004967293,0.78696850311169642,0.79462798609215612,10000,report_only_saved_macro_bootstrap_indices
cross_cell_seen,MCF7,full_target_pcc,M1_CFRA1Aggregate,183,0.9086854674448035,0.90442537541428447,0.91231243915176463,10000,report_only_saved_macro_bootstrap_indices
cross_cell_seen,equal_line_macro,full_target_pcc,M1_CFRA1Aggregate,183,0.84085625736687497,0.83861838461890048,0.84292391630443164,10000,report_only_saved_macro_bootstrap_indices
cross_cell_seen,A549,full_target_pcc,M2_CFRA1Residual,183,0.81213044042071836,0.8087119070747586,0.81521904434137304,10000,report_only_saved_macro_bootstrap_indices
cross_cell_seen,K562,full_target_pcc,M2_CFRA1Residual,183,0.7841483038700976,0.78014689280219951,0.78769726978956411,10000,report_only_saved_macro_bootstrap_indices
cross_cell_seen,MCF7,full_target_pcc,M2_CFRA1Residual,183,0.89670484988793742,0.89257386837822561,0.90022739042482014,10000,report_only_saved_macro_bootstrap_indices
cross_cell_seen,equal_line_macro,full_target_pcc,M2_CFRA1Residual,183,0.83099453139291779,0.82881117790093861,0.83301794490815018,10000,report_only_saved_macro_bootstrap_indices
cross_cell_seen,A549,z_same_F,M0_RawAggregate,183,0.0074092281929942503,0.0048098183297325021,0.01035931499169254,10000,report_only_saved_macro_bootstrap_indices
cross_cell_seen,K562,z_same_F,M0_RawAggregate,183,0.0035248479108837666,0.0010994794538453675,0.0062007330319097378,10000,report_only_saved_macro_bootstrap_indices
cross_cell_seen,MCF7,z_same_F,M0_RawAggregate,183,0.0089322844164795301,0.0073492902707765657,0.01050315226411676,10000,report_only_saved_macro_bootstrap_indices
cross_cell_seen,equal_line_macro,z_same_F,M0_RawAggregate,183,0.0066221201734525158,0.0052654540193329416,0.0080112952727627775,10000,report_only_saved_macro_bootstrap_indices
cross_cell_seen,A549,z_same_F,M1_CFRA1Aggregate,183,0.0064085855002674495,0.0038227830148370168,0.0092861423699077371,10000,report_only_saved_macro_bootstrap_indices
cross_cell_seen,K562,z_same_F,M1_CFRA1Aggregate,183,0.0087578498404261469,0.0063531107297906059,0.011387636107738321,10000,report_only_saved_macro_bootstrap_indices
cross_cell_seen,MCF7,z_same_F,M1_CFRA1Aggregate,183,0.0089044955742042329,0.0072989541454238699,0.010491185016560725,10000,report_only_saved_macro_bootstrap_indices
cross_cell_seen,equal_line_macro,z_same_F,M1_CFRA1Aggregate,183,0.0080236436382992767,0.0067094677266167158,0.0093973053491517803,10000,report_only_saved_macro_bootstrap_indices
cross_cell_seen,A549,z_same_F,M2_CFRA1Residual,183,0.0050425097768628576,0.0027490301538636084,0.0075593233917012753,10000,report_only_saved_macro_bootstrap_indices
cross_cell_seen,K562,z_same_F,M2_CFRA1Residual,183,0.00051687345435697722,-0.0016819190490014568,0.0029203749496134407,10000,report_only_saved_macro_bootstrap_indices
cross_cell_seen,MCF7,z_same_F,M2_CFRA1Residual,183,0.0072691073971370502,0.0056557645349708131,0.0088712680850047444,10000,report_only_saved_macro_bootstrap_indices
cross_cell_seen,equal_line_macro,z_same_F,M2_CFRA1Residual,183,0.0042761635427856284,0.0030535421006169243,0.0055165941550746568,10000,report_only_saved_macro_bootstrap_indices
cross_cell_seen,A549,z_foreign_F,M0_RawAggregate,183,0.00090311117738041348,0.00067149076766044417,0.0011334138192042604,10000,report_only_saved_macro_bootstrap_indices
cross_cell_seen,K562,z_foreign_F,M0_RawAggregate,183,-0.0015860707036280076,-0.0017663590520472664,-0.0013944589669345835,10000,report_only_saved_macro_bootstrap_indices
cross_cell_seen,MCF7,z_foreign_F,M0_RawAggregate,183,0.0057211060677665321,0.0054968383952039204,0.005946819076722158,10000,report_only_saved_macro_bootstrap_indices
cross_cell_seen,equal_line_macro,z_foreign_F,M0_RawAggregate,183,0.0016793821805063125,0.0015570641178169892,0.0018039945675061742,10000,report_only_saved_macro_bootstrap_indices
cross_cell_seen,A549,z_foreign_F,M1_CFRA1Aggregate,183,0.0034475154811949337,0.0032224832633368618,0.0036741435412505261,10000,report_only_saved_macro_bootstrap_indices
cross_cell_seen,K562,z_foreign_F,M1_CFRA1Aggregate,183,0.0053647592177376614,0.0051893566539176154,0.0055442550540896283,10000,report_only_saved_macro_bootstrap_indices
cross_cell_seen,MCF7,z_foreign_F,M1_CFRA1Aggregate,183,0.0082544657884622754,0.0080329384971681121,0.0084719970016197046,10000,report_only_saved_macro_bootstrap_indices
cross_cell_seen,equal_line_macro,z_foreign_F,M1_CFRA1Aggregate,183,0.0056889134957982907,0.0055664978283515949,0.0058094542849559255,10000,report_only_saved_macro_bootstrap_indices
cross_cell_seen,A549,z_foreign_F,M2_CFRA1Residual,183,4.2571519042311575e-05,-0.00022367345625181874,0.0002999105984120381,10000,report_only_saved_macro_bootstrap_indices
cross_cell_seen,K562,z_foreign_F,M2_CFRA1Residual,183,-0.0042867558363640264,-0.0044558480774762382,-0.0041111244611516948,10000,report_only_saved_macro_bootstrap_indices
cross_cell_seen,MCF7,z_foreign_F,M2_CFRA1Residual,183,0.0043633641758646386,0.004107288457403698,0.004615617597193253,10000,report_only_saved_macro_bootstrap_indices
cross_cell_seen,equal_line_macro,z_foreign_F,M2_CFRA1Residual,183,3.9726619514307962e-05,-9.5150636754615217e-05,0.00017280846132654483,10000,report_only_saved_macro_bootstrap_indices
cross_cell_seen,A549,E,M0_RawAggregate,183,0.0065061170156138111,0.0039204376711961661,0.0094430345744296491,10000,report_only_saved_macro_bootstrap_indices
cross_cell_seen,K562,E,M0_RawAggregate,183,0.0051109186145118154,0.0027743435019326902,0.0076804397547088378,10000,report_only_saved_macro_bootstrap_indices
cross_cell_seen,MCF7,E,M0_RawAggregate,183,0.0032111783487129694,0.0016476612773810269,0.0047626618405699171,10000,report_only_saved_macro_bootstrap_indices
cross_cell_seen,equal_line_macro,E,M0_RawAggregate,183,0.0049427379929461992,0.0036186315270777774,0.0063157564324159742,10000,report_only_saved_macro_bootstrap_indices
cross_cell_seen,A549,E,M1_CFRA1Aggregate,183,0.0029610700190724833,0.00040978864632968933,0.0058366469712870187,10000,report_only_saved_macro_bootstrap_indices
cross_cell_seen,K562,E,M1_CFRA1Aggregate,183,0.0033930906226884486,0.0010453956491303094,0.0059342754943071101,10000,report_only_saved_macro_bootstrap_indices
cross_cell_seen,MCF7,E,M1_CFRA1Aggregate,183,0.0006500297857419382,-0.00095388062993713972,0.0022162072685820823,10000,report_only_saved_macro_bootstrap_indices
cross_cell_seen,equal_line_macro,E,M1_CFRA1Aggregate,183,0.0023347301425009569,0.0010460756250648909,0.0036838079130138519,10000,report_only_saved_macro_bootstrap_indices
cross_cell_seen,A549,E,M2_CFRA1Residual,183,0.0049999382578205425,0.0026868488541363406,0.0075241524845502689,10000,report_only_saved_macro_bootstrap_indices
cross_cell_seen,K562,E,M2_CFRA1Residual,183,0.0048036292907210282,0.002665575605460747,0.0071175033329565719,10000,report_only_saved_macro_bootstrap_indices
cross_cell_seen,MCF7,E,M2_CFRA1Residual,183,0.0029057432212723799,0.0012995976184625719,0.0045028749466431489,10000,report_only_saved_macro_bootstrap_indices
cross_cell_seen,equal_line_macro,E,M2_CFRA1Residual,183,0.0042364369232713167,0.0030135892775180638,0.0054629888232893189,10000,report_only_saved_macro_bootstrap_indices
