seed,analysis,module,comparison,endpoint,seed3407,seed42,seed2025,n_compounds,point,ci_low,ci_high,rounds,bootstrap_unit,bootstrap_seed
mean,module,DNA,teacher_minus_raw,trajectory_tc,0.05572115384615385,0.06786401098901099,0.06674450549450549,260,0.06344322344322345,0.036943337912087905,0.08986103479853479,10000,compound,908896602
mean,module,DNA,posterior_minus_teacher,trajectory_tc,0.010146733111849387,0.011911683277962345,0.007834994462901439,258,0.009964470284237725,0.003929032853451457,0.01597931662975267,10000,compound,1984962404
mean,module,RNA,teacher_minus_raw,trajectory_tc,0.04484890109890109,0.06252747252747252,0.04751373626373626,260,0.05163003663003663,0.028630780677655673,0.07551345009157509,10000,compound,2236654520
mean,module,RNA,posterior_minus_teacher,trajectory_tc,0.010042912513842749,0.00704595791805094,0.010091362126245847,258,0.009060077519379846,0.0030499607788851972,0.01501488095238095,10000,compound,2679945723
mean,module,ER,teacher_minus_raw,trajectory_tc,0.06742445054945055,0.0854739010989011,0.06797390109890111,260,0.07362408424908426,0.049102564102564104,0.09876705586080585,10000,compound,3269531764
mean,module,ER,posterior_minus_teacher,trajectory_tc,0.012368493909191584,0.0090531561461794,0.00876937984496124,258,0.010063676633444074,0.004042081949058693,0.016106093115540784,10000,compound,18755588
mean,module,Mito,teacher_minus_raw,trajectory_tc,0.064010989010989,0.06531593406593406,0.0518956043956044,260,0.06040750915750915,0.034972470238095237,0.08604504349816848,10000,compound,4146740965
mean,module,Mito,posterior_minus_teacher,trajectory_tc,0.006312292358803988,0.013046788482834994,0.011953211517165002,258,0.010437430786267994,0.004078649870801033,0.01697587901439646,10000,compound,871859155
mean,module,AGP,teacher_minus_raw,trajectory_tc,0.06874313186813187,0.07007554945054946,0.07359203296703296,260,0.07080357142857141,0.04660250686813187,0.09553342490842492,10000,compound,3951896803
mean,module,AGP,posterior_minus_teacher,trajectory_tc,0.006679125138427463,0.009835271317829455,0.0023255813953488393,258,0.00627999261720192,0.00021669665928386836,0.012114710225175343,10000,compound,1345979662
mean,module,Shape,teacher_minus_raw,trajectory_tc,0.03657967032967033,0.04679945054945054,0.03824862637362637,260,0.040542582417582414,0.014116300366300367,0.06611092032967031,10000,compound,3759488844
mean,module,Shape,posterior_minus_teacher,trajectory_tc,0.016244462901439646,0.02004429678848284,0.01645210409745294,258,0.01758028792912514,0.010861653285345147,0.024238706626061278,10000,compound,2359508385
mean,module,Cross-channel,teacher_minus_raw,trajectory_tc,0.0016964285714285688,0.006758241758241757,0.0046634615384615365,260,0.004372710622710624,-0.01821222527472528,0.026410599816849813,10000,compound,1749761950
mean,module,Cross-channel,posterior_minus_teacher,trajectory_tc,0.015863787375415283,0.019130675526024366,0.016050664451827245,258,0.017015042451088966,0.011258651716500553,0.023036752491694353,10000,compound,1839568380
mean,macro_module,Macro,teacher_minus_raw,trajectory_tc,0.048432103610675035,0.05783065149136578,0.050090266875981164,260,0.052117673992674,0.03837382260596547,0.06585263768969125,10000,compound,1861257639
mean,macro_module,Macro,posterior_minus_teacher,trajectory_tc,0.01109397247271001,0.012866832779623477,0.010496756842271793,258,0.011485854031535096,0.0077878384881084235,0.01525545634920635,10000,compound,1205367597
