panel,contrast,estimate,ci_low,ci_high,n_compounds,estimator_version,metric,source,seed,interval_source
supplement,correct_minus_p0,0.011512,0.007037,0.015997,3691,P0_conditioned,paired_change_repeat_agreement_fisher_z_fixed_null_cancels,analysis/cross_modal/control_conditioned_residual/RESULTS_20260902.md,3407,saved report rounded to six decimals
supplement,correct_minus_shuffled,0.016996,0.011512,0.022518,3691,P0_conditioned,paired_change_repeat_agreement_fisher_z_fixed_null_cancels,analysis/cross_modal/control_conditioned_residual/RESULTS_20260902.md,3407,saved report rounded to six decimals
supplement,correct_minus_matched_foreign,0.014753,0.009347,0.020229,3691,P0_conditioned,paired_change_repeat_agreement_fisher_z_fixed_null_cancels,analysis/cross_modal/control_conditioned_residual/RESULTS_20260902.md,3407,saved report rounded to six decimals
supplement,correct_minus_p0,0.00802,0.003556,0.012363,3691,P0_conditioned,paired_change_repeat_agreement_fisher_z_fixed_null_cancels,analysis/cross_modal/control_conditioned_residual/RESULTS_20260902.md,42,saved report rounded to six decimals
supplement,correct_minus_shuffled,0.01502,0.010034,0.020039,3691,P0_conditioned,paired_change_repeat_agreement_fisher_z_fixed_null_cancels,analysis/cross_modal/control_conditioned_residual/RESULTS_20260902.md,42,saved report rounded to six decimals
supplement,correct_minus_matched_foreign,0.0102,0.005578,0.014917,3691,P0_conditioned,paired_change_repeat_agreement_fisher_z_fixed_null_cancels,analysis/cross_modal/control_conditioned_residual/RESULTS_20260902.md,42,saved report rounded to six decimals
supplement,correct_minus_p0,0.008585,0.004423,0.012695,3691,P0_conditioned,paired_change_repeat_agreement_fisher_z_fixed_null_cancels,analysis/cross_modal/control_conditioned_residual/RESULTS_20260902.md,2025,saved report rounded to six decimals
supplement,correct_minus_shuffled,0.010503,0.006469,0.014635,3691,P0_conditioned,paired_change_repeat_agreement_fisher_z_fixed_null_cancels,analysis/cross_modal/control_conditioned_residual/RESULTS_20260902.md,2025,saved report rounded to six decimals
supplement,correct_minus_matched_foreign,0.009225,0.00536,0.013028,3691,P0_conditioned,paired_change_repeat_agreement_fisher_z_fixed_null_cancels,analysis/cross_modal/control_conditioned_residual/RESULTS_20260902.md,2025,saved report rounded to six decimals
