panel,contrast,estimate,ci_low,ci_high,n_compounds,estimator_version,metric,source,interval_source
A,correct_minus_p0,0.0215,0.01937,0.02366,4023,GE_to_CP_residual_vector_control,paired_change_repeat_agreement_fisher_z_fixed_null_cancels,source_data\figure3_inputs\bbbc047_1r_ge_residual_evidence\RESULTS.md,"saved report, rounded to five decimals"
A,correct_minus_shuffled,0.03742,0.03488,0.03995,4023,GE_to_CP_residual_vector_control,paired_change_repeat_agreement_fisher_z_fixed_null_cancels,source_data\figure3_inputs\bbbc047_1r_ge_residual_evidence\RESULTS.md,"saved report, rounded to five decimals"
A,correct_minus_matched_foreign,0.01081,0.00903,0.01261,3538,GE_to_CP_residual_vector_control,paired_change_repeat_agreement_fisher_z_fixed_null_cancels,source_data\figure3_inputs\bbbc047_1r_ge_residual_evidence\RESULTS.md,"saved report, rounded to five decimals"
B,correct_minus_p0,0.009372561249872718,0.005722413436377513,0.0129631013611572,3691,P0_conditioned,paired_change_repeat_agreement_fisher_z_fixed_null_cancels,data/figure_3/figure3_paired_ge_scores.csv,recomputed: seed-average then compound bootstrap
B,correct_minus_shuffled,0.014172775891515443,0.010023466540717828,0.01832256389560827,3691,P0_conditioned,paired_change_repeat_agreement_fisher_z_fixed_null_cancels,data/figure_3/figure3_paired_ge_scores.csv,recomputed: seed-average then compound bootstrap
B,correct_minus_matched_foreign,0.01139299465586817,0.007323846570351823,0.015428956521171261,3691,P0_conditioned,paired_change_repeat_agreement_fisher_z_fixed_null_cancels,data/figure_3/figure3_paired_ge_scores.csv,recomputed: seed-average then compound bootstrap
C,fusion_minus_p0,0.00491556194869955,0.0003473868749365884,0.009422164387218383,3691,P0_conditioned,paired_change_repeat_agreement_fisher_z_fixed_null_cancels,data/figure_3/figure3_paired_ge_scores.csv,recomputed compound bootstrap
C,update_minus_p0,0.009372561249872718,0.005722413436377513,0.0129631013611572,3691,P0_conditioned,paired_change_repeat_agreement_fisher_z_fixed_null_cancels,data/figure_3/figure3_paired_ge_scores.csv,recomputed compound bootstrap
C,update_minus_fusion,0.004456999301173166,0.0008861316390291935,0.007983681325174559,3691,P0_conditioned,paired_change_repeat_agreement_fisher_z_fixed_null_cancels,data/figure_3/figure3_paired_ge_scores.csv,recomputed compound bootstrap
D,GE|CP1,0.0194215237758559,0.0172813096282802,0.021608727225676416,3983,sequential_fixed_CP_held_reference,paired_change_repeat_agreement_fisher_z_fixed_null_cancels,data\figure_3\inputs\cross_modal\sequential_evidence\conditional_marginal_gain.csv,saved compound-paired bootstrap
D,GE|CP1+CP2,0.014870169059229,0.012860093957534855,0.016832151998202562,3983,sequential_fixed_CP_held_reference,paired_change_repeat_agreement_fisher_z_fixed_null_cancels,data\figure_3\inputs\cross_modal\sequential_evidence\conditional_marginal_gain.csv,saved compound-paired bootstrap
supplement,CP2|CP1,0.0252030984661405,0.02175150815483736,0.02861784270631152,3983,sequential_fixed_CP_held_reference,paired_change_repeat_agreement_fisher_z_fixed_null_cancels,data\figure_3\inputs\cross_modal\sequential_evidence\conditional_marginal_gain.csv,saved compound-paired bootstrap
supplement,CP2|CP1+GE,0.0206517437495136,0.017424315642495254,0.023790024396461034,3983,sequential_fixed_CP_held_reference,paired_change_repeat_agreement_fisher_z_fixed_null_cancels,data\figure_3\inputs\cross_modal\sequential_evidence\conditional_marginal_gain.csv,saved compound-paired bootstrap
supplement,correct_minus_exact_plate_dose_foreign,0.01854,0.01421,0.02293,715,GE_to_CP_residual_vector_control,paired_change_repeat_agreement_fisher_z_fixed_null_cancels,source_data\figure3_inputs\bbbc047_1r_ge_residual_evidence\RESULTS.md,"saved report, rounded to five decimals"
