bootstrap_rounds,contrast,excess_z_ci95,excess_z_point,held_delta_pcc_ci95,held_delta_pcc_point,molecule_count,scope,seed
,CP2|CP1,"[0.022955549337494188, 0.03020735638078239]",0.026573814207275087,"[0.018131485612359242, 0.02426578514917263]",0.02116468579944231,3983,seed,3407
,CP2|CP1+GE,"[0.01859836830083927, 0.025283859652664862]",0.02199907592383086,"[0.014470686498779287, 0.020077171929736678]",0.01726475839393984,3983,seed,3407
,GE|CP1,"[0.015621792968303369, 0.02016875942262367]",0.017901370354243332,"[0.011489095717697592, 0.01530750689646666]",0.013445220385536638,3983,seed,3407
,GE|CP1+CP2,"[0.011211506598035454, 0.015448458938962614]",0.013326632070799102,"[0.007799228058682009, 0.011293306662780596]",0.00954529298003417,3983,seed,3407
,CP2|CP1,"[0.022366818321127087, 0.029397799268410955]",0.025864808942521786,"[0.01786484638040686, 0.023803715121175247]",0.020856423651236338,3983,seed,42
,CP2|CP1+GE,"[0.01809053834052738, 0.024716431073461637]",0.021424228176232633,"[0.014312853696379666, 0.019894849958162954]",0.0171273744568685,3983,seed,42
,GE|CP1,"[0.025121065775658907, 0.030427536175214275]",0.027767655463191737,"[0.01875111151292595, 0.02314624703569501]",0.020964775758857346,3983,seed,42
,GE|CP1+CP2,"[0.020856803326688187, 0.025796673518631567]",0.023327074696902584,"[0.015219478607385092, 0.01927316646943584]",0.017235726564489514,3983,seed,42
,CP2|CP1,"[0.019709145409207277, 0.02663388264472136]",0.023170672248624877,"[0.01645957848059878, 0.02226666710140525]",0.019341477368436884,3983,seed,2025
,CP2|CP1+GE,"[0.015241797387482865, 0.021841347658875958]",0.01853192714847752,"[0.012697913200313141, 0.018188967442490194]",0.015422608361192355,3983,seed,2025
,GE|CP1,"[0.010147226296533847, 0.015066109042821532]",0.012595545510132826,"[0.007618384264660855, 0.011834471963056236]",0.00976373839188493,3983,seed,2025
,GE|CP1+CP2,"[0.005620388114611905, 0.010289497825501051]",0.007956800409985466,"[0.003875768511020075, 0.0077940790058659655]",0.005844869384640399,3983,seed,2025
10000,CP2|CP1,"[0.02175150815483736, 0.02861784270631152]",0.025203098466140585,"[0.017560965281037025, 0.02338858493292363]",0.020454195606371846,3983,pooled_three_seed,
10000,GE|CP1,"[0.0172813096282802, 0.021608727225676416]",0.019421523775855966,"[0.012962187004935065, 0.016525696507852086]",0.014724578178759638,3983,pooled_three_seed,
10000,GE|CP1+CP2,"[0.012860093957534855, 0.016832151998202562]",0.014870169059229051,"[0.00925119964040098, 0.012501828132500148]",0.010875296309721361,3983,pooled_three_seed,
10000,CP2|CP1+GE,"[0.017424315642495254, 0.023790024396461034]",0.020651743749513667,"[0.013921003961260017, 0.01921170179813543]",0.016604913737333565,3983,pooled_three_seed,
