bootstrap_rounds,bootstrap_seed,contrast,excess_z_ci95,excess_z_point,left,molecule_count,raw_pcc_ci95,raw_pcc_point,right,scope,seed
10000,1426720721002892333,direct_fusion_minus_GE_mean,"[0.06312372315125975, 0.08164782580000914]",0.07230686939233401,,3691,"[0.057116424184913014, 0.07450752065911345]",0.06574955292833731,,seed,3407
10000,7905332085804720676,direct_fusion_minus_GE_teacher,"[-0.004046039421378327, 0.007582256338828981]",0.001680301059531614,,3691,"[-0.004361367827365214, 0.00659092008132067]",0.0010426010164566587,,seed,3407
10000,1426720721002888968,direct_fusion_minus_GE_mean,"[0.05903351515051762, 0.0781379487761679]",0.06865281686443647,,3691,"[0.05335496921913862, 0.0710713038805288]",0.06225770910471861,,seed,42
10000,7905332085804717311,direct_fusion_minus_GE_teacher,"[-0.0015121161257678013, 0.009932602271901495]",0.004157323845430395,,3691,"[-0.0019551061612624186, 0.008815127889973453]",0.003353314808378039,,seed,42
10000,1426720721002890951,direct_fusion_minus_GE_mean,"[0.07266392251608991, 0.09328960008490658]",0.08305600913966646,,3691,"[0.06542870535375732, 0.08453365955641494]",0.07508505605659099,,seed,2025
10000,7905332085804719294,direct_fusion_minus_GE_teacher,"[0.0030344955131478392, 0.014675564987463006]",0.00890906094113664,,3691,"[0.0021320747811201008, 0.012990758851298098]",0.007575964439785194,,seed,2025
10000,,,"[0.0655454455576881, 0.0836972124433921]",0.07467189846547898,direct_fusion,3691,"[0.05922423493090617, 0.07607328491412663]",0.06769743936321564,GE_mean,pooled_three_seed,
10000,,,"[0.0003714540873513301, 0.009409458374576024]",0.004915561948699549,direct_fusion,3691,"[-0.00025035750424438235, 0.00818197551044556]",0.003990626754873297,GE_teacher,pooled_three_seed,
10000,,,"[-0.012338753240298907, -0.005300183580643636]",-0.0087940627646059,direct_fusion,3691,"[-0.01185212819893479, -0.005220519841436392]",-0.008522131004783872,CP_residual,pooled_three_seed,
